number ;Samples_ID;Collection_month;Year_collection;Collection_date;Block_ID;Lake_ID;filter_pore_size;Bological_Replicates;UTC;Hour_Collection_start;Hour_Collection_end;L_F;L_M;L_SC;L_SL;L_tot_filtered;Treatment;Sampling_type;Pompe;expe;Comments_field;Transfer_date;Extraction_date
1;T1_0.1_blue_March22;March;2022;23.03.2022;B2;L5;0.1;blue;summer;12:30:00;13:45:00;NA;NA;NA;NA;8;P;Daily;triple;JG_GL;test_water collection;;
2;T1_0.1_orange_March22;March;2022;23.03.2022;B2;L5;0.1;orange ;summer;12:30:00;13:45:00;NA;NA;NA;NA;7,5;P;Daily;triple;JG_GL;test_water collection;;
3;T1_0.1_red_March22;March;2022;23.03.2022;B2;L5;0.1;red;summer;12:30:00;13:45:00;NA;NA;NA;NA;8,2;P;Daily;triple;JG_GL;test_water collection;;
4;T1_0.45_blue_March22;March;2022;23.03.2022;B2;L5;0.45;blue;summer;12:30:00;13:45:00;NA;NA;NA;NA;8;P;Daily;triple;JG_GL;test_water collection;;
5;T1_0.45_orange_March22;March;2022;23.03.2022;B2;L5;0.45;orange ;summer;12:30:00;13:45:00;NA;NA;NA;NA;7,5;P;Daily;triple;JG_GL;test_water collection;;
6;T1_0.45_red_March22;March;2022;23.03.2022;B2;L5;0.45;red;summer;12:30:00;13:45:00;NA;NA;NA;NA;8,2;P;Daily;triple;JG_GL;test_water collection;;
7;T2_0.1_blue_March22;March;2022;23.03.2022;B2;L5;0.1;blue;summer;16:30:00;17:45:00;NA;NA;NA;NA;8,2;P;Daily;triple;JG_GL;test_water collection;;
8;T2_0.1_orange_March22;March;2022;23.03.2022;B2;L5;0.1;orange ;summer;16:30:00;17:45:00;NA;NA;NA;NA;6,8;P;Daily;triple;JG_GL;test_water collection;;
9;T2_0.1_red_March22;March;2022;23.03.2022;B2;L5;0.1;red;summer;16:30:00;17:45:00;NA;NA;NA;NA;7,4;P;Daily;triple;JG_GL;test_water collection;;
10;T2_0.45_blue_March22;March;2022;23.03.2022;B2;L5;0.45;blue;summer;16:30:00;17:45:00;NA;NA;NA;NA;8,2;P;Daily;triple;JG_GL;test_water collection;;
11;T2_0.45_orange_March22;March;2022;23.03.2022;B2;L5;0.45;orange ;summer;16:30:00;17:45:00;NA;NA;NA;NA;6,8;P;Daily;triple;JG_GL;test_water collection;;
12;T2_0.45_red_March22;March;2022;23.03.2022;B2;L5;0.45;red;summer;16:30:00;17:45:00;NA;NA;NA;NA;7,4;P;Daily;triple;JG_GL;test_water collection;;
13;T3_0.1_blue_March22;March;2022;23.03.2022;B2;L5;0.1;blue;summer;20:30:00;21:45:00;NA;NA;NA;NA;7,5;P;Daily;triple;JG_GL;test_water collection;;
14;T3_0.1_orange_March22;March;2022;23.03.2022;B2;L5;0.1;orange ;summer;20:30:00;21:45:00;NA;NA;NA;NA;7,6;P;Daily;triple;JG_GL;test_water collection;;
15;T3_0.1_red_March22;March;2022;23.03.2022;B2;L5;0.1;red;summer;20:30:00;21:45:00;NA;NA;NA;NA;7,8;P;Daily;triple;JG_GL;test_water collection;;
16;T3_0.45_blue_March22;March;2022;23.03.2022;B2;L5;0.45;blue;summer;20:30:00;21:45:00;NA;NA;NA;NA;7,5;P;Daily;triple;JG_GL;test_water collection;;
17;T3_0.45_orange_March22;March;2022;23.03.2022;B2;L5;0.45;orange ;summer;20:30:00;21:45:00;NA;NA;NA;NA;7,6;P;Daily;triple;JG_GL;test_water collection;;
18;T3_0.45_red_March22;March;2022;23.03.2022;B2;L5;0.45;red;summer;20:30:00;21:45:00;NA;NA;NA;NA;7,8;P;Daily;triple;JG_GL;test_water collection;;
19;T4_0.1_blue_March22;March;2022;24.03.2022;B2;L5;0.1;blue;summer;00:30:00;01:45:00;NA;NA;NA;NA;7,2;P;Daily;triple;JG_GL;test_water collection;;
20;T4_0.1_orange_March22;March;2022;24.03.2022;B2;L5;0.1;orange ;summer;00:30:00;01:45:00;NA;NA;NA;NA;6,4;P;Daily;triple;JG_GL;test_water collection;;
21;T4_0.1_red_March22;March;2022;24.03.2022;B2;L5;0.1;red;summer;00:30:00;01:45:00;NA;NA;NA;NA;6,8;P;Daily;triple;JG_GL;test_water collection;;
22;T4_0.45_blue_March22;March;2022;24.03.2022;B2;L5;0.45;blue;summer;00:30:00;01:45:00;NA;NA;NA;NA;7,2;P;Daily;triple;JG_GL;test_water collection;;
23;T4_0.45_orange_March22;March;2022;24.03.2022;B2;L5;0.45;orange ;summer;00:30:00;01:45:00;NA;NA;NA;NA;6,4;P;Daily;triple;JG_GL;test_water collection;;
24;T4_0.45_red_March22;March;2022;24.03.2022;B2;L5;0.45;red;summer;00:30:00;01:45:00;NA;NA;NA;NA;6,8;P;Daily;triple;JG_GL;test_water collection;;
25;T5_0.1_blue_March22;March;2022;24.03.2022;B2;L5;0.1;blue;summer;04:30:00;05:45:00;NA;NA;NA;NA;7,6;P;Daily;triple;JG_GL;test_water collection;;
26;T5_0.1_orange_March22;March;2022;24.03.2022;B2;L5;0.1;orange ;summer;04:30:00;05:45:00;NA;NA;NA;NA;7,6;P;Daily;triple;JG_GL;test_water collection;;
27;T5_0.1_red_March22;March;2022;24.03.2022;B2;L5;0.1;red;summer;04:30:00;05:45:00;NA;NA;NA;NA;6,7;P;Daily;triple;JG_GL;test_water collection;;
28;T5_0.45_blue_March22;March;2022;24.03.2022;B2;L5;0.45;blue;summer;04:30:00;05:45:00;NA;NA;NA;NA;7,6;P;Daily;triple;JG_GL;test_water collection;;
29;T5_0.45_orange_March22;March;2022;24.03.2022;B2;L5;0.45;orange ;summer;04:30:00;05:45:00;NA;NA;NA;NA;7,6;P;Daily;triple;JG_GL;test_water collection;;
30;T5_0.45_red_March22;March;2022;24.03.2022;B2;L5;0.45;red;summer;04:30:00;05:45:00;NA;NA;NA;NA;6,7;P;Daily;triple;JG_GL;test_water collection;;
31;T6_0.1_blue_March22;March;2022;24.03.2022;B2;L5;0.1;blue;summer;08:30:00;09:45:00;NA;NA;NA;NA;7,1;P;Daily;triple;JG_GL;test_water collection;;
32;T6_0.1_orange_March22;March;2022;24.03.2022;B2;L5;0.1;orange ;summer;08:30:00;09:45:00;NA;NA;NA;NA;7;P;Daily;triple;JG_GL;test_water collection;;
33;T6_0.1_red_March22;March;2022;24.03.2022;B2;L5;0.1;red;summer;08:30:00;09:45:00;NA;NA;NA;NA;7,3;P;Daily;triple;JG_GL;test_water collection;;
34;T6_0.45_blue_March22;March;2022;24.03.2022;B2;L5;0.45;blue;summer;08:30:00;09:45:00;NA;NA;NA;NA;7,1;P;Daily;triple;JG_GL;test_water collection;;
35;T6_0.45_orange_March22;March;2022;24.03.2022;B2;L5;0.45;orange ;summer;08:30:00;09:45:00;NA;NA;NA;NA;7;P;Daily;triple;JG_GL;test_water collection;;
36;T6_0.45_red_March22;March;2022;24.03.2022;B2;L5;0.45;red;summer;08:30:00;09:45:00;NA;NA;NA;NA;7,3;P;Daily;triple;JG_GL;test_water collection;;
37;ctrl_0.45_daily_March22;March;2022;24.03.2022;B2;L5;0.45;NA;summer;00:30:00;00:30:00;NA;NA;NA;NA;NA;ctrl_neg_field;Daily;NA;JG_GL;test_water collection;;
38;L1_0.1_April22;April22;2022;21.04.2022;B1;L1;0.1;NA;summer;13:35:00;14:15:00;1;1;1;1;4;N;Monthly;one;JG;;;
39;L1_0.45_April22;April22;2022;21.04.2022;B1;L1;0.45;NA;summer;13:35:00;14:15:00;1;1;1;1;4;N;Monthly;one;JG;;;
40;L2_0.1_April22;April22;2022;21.04.2022;B1;L2;0.1;NA;summer;14:40:00;15:20:00;1;1;0,5;0,5;3;none;Monthly;two;SP;;;
41;L2_0.45_April22;April22;2022;21.04.2022;B1;L2;0.45;NA;summer;14:40:00;15:20:00;1;1;0,5;0,5;3;none;Monthly;two;SP;;;
42;L3_0.1_April22;April22;2022;21.04.2022;B1;L3;0.1;NA;summer;13:35:00;14:15:00;1;1;0,5;0,5;3;NP;Monthly;three;BD;;;
43;L3_0.45_April22;April22;2022;21.04.2022;B1;L3;0.45;NA;summer;13:35:00;14:15:00;1;1;0,5;0,5;3;NP;Monthly;three;BD;;;
44;L4_0.1_April22;April22;2022;21.04.2022;B1;L4;0.1;NA;summer;14:49:00;15:29:00;3;0,3;0,6;0,6;4,5;P;Monthly;four;BD;;;
45;L4_0.45_April22;April22;2022;21.04.2022;B1;L4;0.45;NA;summer;14:49:00;15:29:00;3;0,3;0,6;0,6;4,5;P;Monthly;four;BD;;;
46;L5_0.1_April22;April22;2022;21.04.2022;B2;L5;0.1;NA;summer;15:40:00;16:10:00;1;1;0,9;0,6;3,5;P;Monthly;one;SP;;;
47;L5_0.45_April22;April22;2022;21.04.2022;B2;L5;0.45;NA;summer;15:40:00;16:10:00;1;1;0,9;0,6;3,5;P;Monthly;one;SP;;;
48;L6_0.1_April22;April22;2022;21.04.2022;B2;L6;0.1;NA;summer;16:20:00;16:40:00;1;1;1;1;4;NP;Monthly;two;SP;;;
49;L6_0.45_April22;April22;2022;21.04.2022;B2;L6;0.45;NA;summer;16:20:00;16:40:00;1;1;1;1;4;NP;Monthly;two;SP;;;
50;L7_0.1_April22;April22;2022;21.04.2022;B2;L7;0.1;NA;summer;16:09:00;16:40:00;1;1;1;0,69;3,69;none;Monthly;three;BD;;;
51;L7_0.45_April22;April22;2022;21.04.2022;B2;L7;0.45;NA;summer;16:09:00;16:40:00;1;1;1;0,69;3,69;none;Monthly;three;BD;;;
52;L8_0.1_April22;April22;2022;21.04.2022;B2;L8;0.1;NA;summer;16:10:00;16:22:00;1;1;1;1;4;N;Monthly;four;BD;;;
53;L8_0.45_April22;April22;2022;21.04.2022;B2;L8;0.45;NA;summer;16:10:00;16:22:00;1;1;1;1;4;N;Monthly;four;BD;;;
54;L9_0.1_April22;April22;2022;21.04.2022;B3;L9;0.1;NA;summer;16:45:00;17:05:00;1;1;1;1;4;NP;Monthly;one;SP;;;
55;L9_0.45_April22;April22;2022;21.04.2022;B3;L9;0.45;NA;summer;16:45:00;17:05:00;1;1;1;1;4;NP;Monthly;one;SP;;;
56;L10_0.1B_April22;April22;2022;21.04.2022;B3;L10;0.1;blue;summer;17:15:00;17:35:00;1;1;1;1;4;P;Monthly;triple;JG;;;
57;L10_0.45B_April22;April22;2022;21.04.2022;B3;L10;0.45;blue;summer;17:15:00;17:35:00;1;1;1;1;4;P;Monthly;triple;JG;;;
58;L10_0.1O_April22;April22;2022;21.04.2022;B3;L10;0.1;orange ;summer;17:15:00;17:35:00;1;1;1;1;4;P;Monthly;triple;JG;;;
59;L10_0.45O_April22;April22;2022;21.04.2022;B3;L10;0.45;orange ;summer;17:15:00;17:35:00;1;1;1;1;4;P;Monthly;triple;JG;;;
60;L10_0.1R_April22;April22;2022;21.04.2022;B3;L10;0.1;red;summer;17:15:00;17:35:00;1;1;1;1;4;P;Monthly;triple;JG;;;
61;L10_0.45R_April22;April22;2022;21.04.2022;B3;L10;0.45;red;summer;17:15:00;17:35:00;1;1;1;1;4;P;Monthly;triple;JG;;;
62;ctrl_0.1_Monthly_April22;April22;2022;21.04.2022;NA;ctrl_field_neg;0.1;NA;summer;17:15:00;17:15:00;NA;NA;NA;NA;NA;ctrl_neg_field;Monthly;NA;JG;;;
63;ctrl_0.45_Monthly_April22;April22;2022;21.04.2022;NA;ctrl_field_neg;0.45;NA;summer;17:15:00;17:15:00;NA;NA;NA;NA;NA;ctrl_neg_field;Monthly;NA;JG;;;
64;L11_0.1_April22;April22;2022;21.04.2022;B3;L11;0.1;NA;summer;16:40:00;17:11:00;1;1;1;1;4;N;Monthly;three;BD;;;
65;L11_0.45_April22;April22;2022;21.04.2022;B3;L11;0.45;NA;summer;16:40:00;17:11:00;1;1;1;1;4;N;Monthly;three;BD;;;
66;L12_0.1_April22;April22;2022;21.04.2022;B3;L12;0.1;NA;summer;17:25:00;17:36:00;1;1;1;1;4;none;Monthly;four;BD;le tube reliant les deux filtres s'est détaché en plongeant dans l'eau. ;;
67;L12_0.45_April22;April22;2022;21.04.2022;B3;L12;0.45;NA;summer;17:25:00;17:36:00;1;1;1;1;4;none;Monthly;four;BD;;;
68;L1_0.1_May22;May;2022;19.05.2022;B1;L1;0.1;NA;summer;13:35:00;13:55:00;1;1;1;1;4;N;Monthly;three;SA;;;
69;L1_0.45_May22;May;2022;19.05.2022;B1;L1;0.45;NA;summer;13:35:00;13:55:00;1;1;1;1;4;N;Monthly;three;SA;;;
70;L2_0.1_May22;May;2022;19.05.2022;B1;L2;0.1;NA;summer;13:32:00;13:45:00;1;1;1;1;4;none;Monthly;one;SP;;;
71;L2_0.45_May22;May;2022;19.05.2022;B1;L2;0.45;NA;summer;13:32:00;13:45:00;1;1;1;1;4;none;Monthly;one;SP;;;
72;L3_0.1_May22;May;2022;19.05.2022;B1;L3;0.1;NA;summer;13:30:00;13:39:00;1;1;1;1;4;NP;Monthly;four;BD;;;
73;L3_0.45_May22;May;2022;19.05.2022;B1;L3;0.45;NA;summer;13:30:00;13:39:00;1;1;1;1;4;NP;Monthly;four;BD;;;
74;L4_0.1_May22;May;2022;19.05.2022;B1;L4;0.1;NA;summer;14:05:00;14:30:00;1;1;1;1;4;P;Monthly;two;SA;;;
75;L4_0.45_May22;May;2022;19.05.2022;B1;L4;0.45;NA;summer;14:05:00;14:30:00;1;1;1;1;4;P;Monthly;two;SA;;;
76;L5_0.1_May22;May;2022;19.05.2022;B2;L5;0.1;NA;summer;14:35:00;14:50:00;1;1;1;1;4;P;Monthly;four;SA;;;
77;L5_0.45_May22;May;2022;19.05.2022;B2;L5;0.45;NA;summer;14:35:00;14:50:00;1;1;1;1;4;P;Monthly;four;SA;;;
78;L6_0.1B_May22;May;2022;19.05.2022;B2;L6;0.1;blue;summer;14:16:00;14:26:00;1;1;1;1;4;NP;Monthly;triple;SP;;;
79;L6_0.45B_May22;May;2022;19.05.2022;B2;L6;0.45;blue;summer;14:16:00;14:26:00;1;1;1;1;4;NP;Monthly;triple;SP;;;
80;L6_0.1O_May22;May;2022;19.05.2022;B2;L6;0.1;orange ;summer;14:16:00;14:26:00;1;1;1;1;4;NP;Monthly;triple;SP;;;
81;L6_0.45O_May22;May;2022;19.05.2022;B2;L6;0.45;orange ;summer;14:16:00;14:26:00;1;1;1;1;4;NP;Monthly;triple;SP;;;
82;L6_0.1R_May22;May;2022;19.05.2022;B2;L6;0.1;red;summer;14:16:00;14:26:00;1;1;1;1;4;NP;Monthly;triple;SP;;;
83;L6_0.45R_May22;May;2022;19.05.2022;B2;L6;0.45;red;summer;14:16:00;14:26:00;1;1;1;1;4;NP;Monthly;triple;SP;;;
84;ctrl_0.1_Monthly_May22;May;2022;19.05.2022;NA;ctrl;0.1;NA;summer;14:26:00;14:26:00;NA;NA;NA;NA;NA;NP;Monthly;NA;SP;;;
85;ctrl_0.45_Monthly_May22;May;2022;19.05.2022;NA;ctrl;0.45;NA;summer;14:26:00;14:26:00;NA;NA;NA;NA;NA;NP;Monthly;NA;SP;;;
86;L7_0.1_May22;May;2022;19.05.2022;B2;L7;0.1;NA;summer;14:16:00;14:26:00;1;1;1;1;4;none;Monthly;two;BD;;;
87;L7_0.45_May22;May;2022;19.05.2022;B2;L7;0.45;NA;summer;14:16:00;14:26:00;1;1;1;1;4;none;Monthly;two;BD;;;
88;L8_0.1_May22;May;2022;19.05.2022;B2;L8;0.1;NA;summer;14:34:00;14:49:00;1;1;1;1;4;N;Monthly;two;SP;;;
89;L8_0.45_May22;May;2022;19.05.2022;B2;L8;0.45;NA;summer;14:34:00;14:49:00;1;1;1;1;4;N;Monthly;two;SP;;;
90;L9_0.1_May22;May;2022;19.05.2022;B3;L9;0.1;NA;summer;14:55:00;15:10:00;1;1;1;1;4;NP;Monthly;four;SA;;;
91;L9_0.45_May22;May;2022;19.05.2022;B3;L9;0.45;NA;summer;14:55:00;15:10:00;1;1;1;1;4;NP;Monthly;four;SA;;;
92;L10_0.1_May22;May;2022;19.05.2022;B3;L10;0.1;NA;summer;15:15:00;15:25:00;1;1;1;1;4;P;Monthly;one;SA;;;
93;L10_0.45_May22;May;2022;19.05.2022;B3;L10;0.45;NA;summer;15:15:00;15:25:00;1;1;1;1;4;P;Monthly;one;SA;;;
94;L11_0.1_May22;May;2022;19.05.2022;B3;L11;0.1;NA;summer;14:52:00;15:06:00;1;1;1;1;4;N;Monthly;three;BD;;;
95;L11_0.45_May22;May;2022;19.05.2022;B3;L11;0.45;NA;summer;14:52:00;15:06:00;1;1;1;1;4;N;Monthly;three;BD;;;
96;L12_0.1_May22;May;2022;19.05.2022;B3;L12;0.1;NA;summer;15:17:00;15:32:00;1;1;1;1;4;none;Monthly;two;SP;;;
97;L12_0.45_May22;May;2022;19.05.2022;B3;L12;0.45;NA;summer;15:17:00;15:32:00;1;1;1;1;4;none;Monthly;two;SP;;;
98;T1_0.1_blue_June22;June;2022;21.06.2022;B2;L5;0.1;blue;summer;10:00:00;10:20:00;1;1;1;1;4;P;Daily;triple;JG_BD;;;
99;T1_0.1_orange_June22;June;2022;21.06.2022;B2;L5;0.45;orange ;summer;10:00:00;10:20:00;1;1;1;1;4;P;Daily;triple;JG_BD;;;
100;T1_0.1_red_June22;June;2022;21.06.2022;B2;L5;0.1;red;summer;10:00:00;10:20:00;1;1;1;1;4;P;Daily;triple;JG_BD;;;
101;T1_0.45_blue_June22;June;2022;21.06.2022;B2;L5;0.45;blue;summer;10:00:00;10:20:00;1;1;1;1;4;P;Daily;triple;JG_BD;;;
102;T1_0.45_orange_June22;June;2022;21.06.2022;B2;L5;0.1;orange ;summer;10:00:00;10:20:00;1;1;1;1;4;P;Daily;triple;JG_BD;;;
103;T1_0.45_red_June22;June;2022;21.06.2022;B2;L5;0.45;red;summer;10:00:00;10:20:00;1;1;1;1;4;P;Daily;triple;JG_BD;;;
104;T2_0.1_blue_June22;June;2022;21.06.2022;B2;L5;0.1;blue;summer;13:56:00;14:15:00;1;1;1;1;4;P;Daily;triple;JG_BD;;;
105;T2_0.1_orange_June22;June;2022;21.06.2022;B2;L5;0.45;orange ;summer;13:56:00;14:15:00;1;1;1;1;4;P;Daily;triple;JG_BD;;;
106;T2_0.1_red_June22;June;2022;21.06.2022;B2;L5;0.1;red;summer;13:56:00;14:15:00;1;1;1;1;4;P;Daily;triple;JG_BD;;;
107;T2_0.45_blue_June22;June;2022;21.06.2022;B2;L5;0.45;blue;summer;13:56:00;14:15:00;1;1;1;1;4;P;Daily;triple;JG_BD;;;
108;T2_0.45_orange_June22;June;2022;21.06.2022;B2;L5;0.1;orange ;summer;13:56:00;14:15:00;1;1;1;1;4;P;Daily;triple;JG_BD;;;
109;T2_0.45_red_June22;June;2022;21.06.2022;B2;L5;0.45;red;summer;13:56:00;14:15:00;1;1;1;1;4;P;Daily;triple;JG_BD;;;
110;T3_0.1_blue_June22;June;2022;21.06.2022;B2;L5;0.1;blue;summer;17:56:00;18:14:00;1;1;1;1;4;P;Daily;triple;JG_BD;;;
111;T3_0.1_orange_June22;June;2022;21.06.2022;B2;L5;0.45;orange ;summer;17:56:00;18:14:00;1;1;1;1;4;P;Daily;triple;JG_BD;;;
112;T3_0.1_red_June22;June;2022;21.06.2022;B2;L5;0.1;red;summer;17:56:00;18:14:00;1;1;1;1;4;P;Daily;triple;JG_BD;;;
113;T3_0.45_blue_June22;June;2022;21.06.2022;B2;L5;0.45;blue;summer;17:56:00;18:14:00;1;1;1;1;4;P;Daily;triple;JG_BD;;;
114;T3_0.45_orange_June22;June;2022;21.06.2022;B2;L5;0.1;orange ;summer;17:56:00;18:14:00;1;1;1;1;4;P;Daily;triple;JG_BD;;;
115;T3_0.45_red_June22;June;2022;21.06.2022;B2;L5;0.45;red;summer;17:56:00;18:14:00;1;1;1;1;4;P;Daily;triple;JG_BD;;;
116;T4_0.1_blue_June22;June;2022;21.06.2022;B2;L5;0.1;blue;summer;21:56:00;22:15:00;1;1;1;1;4;P;Daily;triple;JG_BD;;;
117;T4_0.1_orange_June22;June;2022;21.06.2022;B2;L5;0.45;orange ;summer;21:56:00;22:15:00;1;1;1;1;4;P;Daily;triple;JG_BD;;;
118;T4_0.1_red_June22;June;2022;21.06.2022;B2;L5;0.1;red;summer;21:56:00;22:15:00;1;1;1;1;4;P;Daily;triple;JG_BD;;;
119;T4_0.45_blue_June22;June;2022;21.06.2022;B2;L5;0.45;blue;summer;21:56:00;22:15:00;1;1;1;1;4;P;Daily;triple;JG_BD;;;
120;T4_0.45_orange_June22;June;2022;21.06.2022;B2;L5;0.1;orange ;summer;21:56:00;22:15:00;1;1;1;1;4;P;Daily;triple;JG_BD;;;
121;T4_0.45_red_June22;June;2022;21.06.2022;B2;L5;0.45;red;summer;21:56:00;22:15:00;1;1;1;1;4;P;Daily;triple;JG_BD;;;
122;T5_0.1_blue_June22;June;2022;22.06.2022;B2;L5;0.1;blue;summer;01:52:00;02:17:00;1;1;1;1;4;P;Daily;triple;JG_BD;;;
123;T5_0.1_orange_June22;June;2022;22.06.2022;B2;L5;0.45;orange ;summer;01:52:00;02:17:00;1;1;1;1;4;P;Daily;triple;JG_BD;;;
124;T5_0.1_red_June22;June;2022;22.06.2022;B2;L5;0.1;red;summer;01:52:00;02:17:00;1;1;1;1;4;P;Daily;triple;JG_BD;;;
125;T5_0.45_blue_June22;June;2022;22.06.2022;B2;L5;0.45;blue;summer;01:52:00;02:17:00;1;1;1;1;4;P;Daily;triple;JG_BD;;;
126;T5_0.45_orange_June22;June;2022;22.06.2022;B2;L5;0.1;orange ;summer;01:52:00;02:17:00;1;1;1;1;4;P;Daily;triple;JG_BD;;;
127;T5_0.45_red_June22;June;2022;22.06.2022;B2;L5;0.45;red;summer;01:52:00;02:17:00;1;1;1;1;4;P;Daily;triple;JG_BD;;;
128;T6_0.1_blue_June22;June;2022;22.06.2022;B2;L5;0.1;blue;summer;05:53:00;06:15:00;1;1;1;1;4;P;Daily;triple;JG_BD;;;
129;T6_0.1_orange_June22;June;2022;22.06.2022;B2;L5;0.45;orange ;summer;05:53:00;06:15:00;1;1;1;1;4;P;Daily;triple;JG_BD;;;
130;T6_0.1_red_June22;June;2022;22.06.2022;B2;L5;0.1;red;summer;05:53:00;06:15:00;1;1;1;1;4;P;Daily;triple;JG_BD;;;
131;T6_0.45_blue_June22;June;2022;22.06.2022;B2;L5;0.45;blue;summer;05:53:00;06:15:00;1;1;1;1;4;P;Daily;triple;JG_BD;;;
132;T6_0.45_orange_June22;June;2022;22.06.2022;B2;L5;0.1;orange ;summer;05:53:00;06:15:00;1;1;1;1;4;P;Daily;triple;JG_BD;;;
133;T6_0.45_red_June22;June;2022;22.06.2022;B2;L5;0.45;red;summer;05:53:00;06:15:00;1;1;1;1;4;P;Daily;triple;JG_BD;;;
134;ctrl_0.1_Daily_June22;June;2022;22.06.2022;NA;ctrl;0.1;NA;summer;06:15:00;06:15:00;NA;NA;NA;NA;NA;ctrl_neg_field;Daily;NA;JG_BD;;;
135;ctrl_0.45_Daily_June22;June;2022;22.06.2022;NA;ctrl;0.45;NA;summer;06:15:00;06:15:00;NA;NA;NA;NA;NA;ctrl_neg_field;Daily;NA;JG_BD;;;
136;L1_0.1B_June22;June;2022;23.06.2022;B1;L1;0.1;blue;summer;13:27:00;13:40:00;1;1;1;1;4;N;Monthly;triple;JG;;;
137;L1_0.45B_June22;June;2022;23.06.2022;B1;L1;0.45;blue;summer;13:27:00;13:40:00;1;1;1;1;4;N;Monthly;triple;JG;;;
138;L1_0.1O_June22;June;2022;23.06.2022;B1;L1;0.1;orange ;summer;13:27:00;13:40:00;1;1;1;1;4;N;Monthly;triple;JG;;;
139;L1_0.45O_June22;June;2022;23.06.2022;B1;L1;0.45;orange ;summer;13:27:00;13:40:00;1;1;1;1;4;N;Monthly;triple;JG;;;
140;L1_0.1R_June22;June;2022;23.06.2022;B1;L1;0.1;red;summer;13:27:00;13:40:00;1;1;1;1;4;N;Monthly;triple;JG;;;
141;L1_0.45R_June22;June;2022;23.06.2022;B1;L1;0.45;red;summer;13:27:00;13:40:00;1;1;1;1;4;N;Monthly;triple;JG;;;
142;ctrl_0.1_Monthly_June22;June;2022;23.06.2022;NA;ctrl;0.1;NA;summer;13:40:00;13:40:00;NA;NA;NA;NA;NA;ctrl_neg_field;Monthly;NA;JG;;;
143;ctrl_0.45_Monthly_June22;June;2022;23.06.2022;NA;ctrl;0.45;NA;summer;13:40:00;13:40:00;NA;NA;NA;NA;NA;ctrl_neg_field;Monthly;NA;JG;;;
144;L2_0.1_June22;June;2022;23.06.2022;B1;L2;0.1;NA;summer;13:27:00;13:47:00;1;1;1;1;4;none;Monthly;one;BD;;;
145;L2_0.45_June22;June;2022;23.06.2022;B1;L2;0.45;NA;summer;13:27:00;13:47:00;1;1;1;1;4;none;Monthly;one;BD;;;
146;L3_0.1_June22;June;2022;23.06.2022;B1;L3;0.1;NA;summer;13:30:00;13:53:00;1;1;1;1;4;NP;Monthly;two;SA;;;
147;L3_0.45_June22;June;2022;23.06.2022;B1;L3;0.45;NA;summer;13:30:00;13:53:00;1;1;1;1;4;NP;Monthly;two;SA;;;
148;L4_0.1_June22;June;2022;23.06.2022;B1;L4;0.1;NA;summer;13:45:00;14:04:00;1;1;1;1;4;P;Monthly;three;GL;;;
149;L4_0.45_June22;June;2022;23.06.2022;B1;L4;0.45;NA;summer;13:45:00;14:04:00;1;1;1;1;4;P;Monthly;three;GL;;;
150;L5_0.1_June22;June;2022;23.06.2022;B2;L5;0.1;NA;summer;14:00:00;14:18:00;1;1;1;1;4;P;Monthly;four;SA;;;
151;L5_0.45_June22;June;2022;23.06.2022;B2;L5;0.45;NA;summer;14:00:00;14:18:00;1;1;1;1;4;P;Monthly;four;SA;;;
152;L6_0.1_June22;June;2022;23.06.2022;B2;L6;0.1;NA;summer;14:08:00;14:19:00;1;1;1;1;4;NP;Monthly;one;GL;;;
153;L6_0.45_June22;June;2022;23.06.2022;B2;L6;0.45;NA;summer;14:08:00;14:19:00;1;1;1;1;4;NP;Monthly;one;GL;;;
154;L7_0.1_June22;June;2022;23.06.2022;B2;L7;0.1;NA;summer;14:05:00;14:25:00;1;1;1;1;4;none;Monthly;two;GL;;;
155;L7_0.45_June22;June;2022;23.06.2022;B2;L7;0.45;NA;summer;14:05:00;14:25:00;1;1;1;1;4;none;Monthly;two;GL;;;
156;L8_0.1_June22;June;2022;23.06.2022;B2;L8;0.1;NA;summer;14:25:00;14:40:00;1;1;1;1;4;N;Monthly;three;SA;;;
157;L8_0.45_June22;June;2022;23.06.2022;B2;L8;0.45;NA;summer;14:25:00;14:40:00;1;1;1;1;4;N;Monthly;three;SA;;;
158;L9_0.1_June22;June;2022;23.06.2022;B3;L9;0.1;NA;summer;14:30:00;14:46:00;1;1;1;1;4;NP;Monthly;four;GL;;;
159;L9_0.45_June22;June;2022;23.06.2022;B3;L9;0.45;NA;summer;14:30:00;14:46:00;1;1;1;1;4;NP;Monthly;four;GL;;;
160;L10_0.1_June22;June;2022;23.06.2022;B3;L10;0.1;NA;summer;14:38:00;15:06:00;1;1;1;1;4;P;Monthly;one;SA;;;
161;L10_0.45_June22;June;2022;23.06.2022;B3;L10;0.45;NA;summer;14:38:00;15:06:00;1;1;1;1;4;P;Monthly;one;SA;;;
162;L11_0.1_June22;June;2022;23.06.2022;B3;L11;0.1;NA;summer;14:42:00;15:22:00;1;1;0,65;0,55;3,2;N;Monthly;two;BD;;;
163;L11_0.45_June22;June;2022;23.06.2022;B3;L11;0.45;NA;summer;14:42:00;15:22:00;1;1;0,65;0,55;3,2;N;Monthly;two;BD;;;
164;L12_0.1_June22;June;2022;23.06.2022;B3;L12;0.1;NA;summer;14:52:00;15:04:00;1;1;1;1;4;none;Monthly;three;GL;;;
165;L12_0.45_June22;June;2022;23.06.2022;B3;L12;0.45;NA;summer;14:52:00;15:04:00;1;1;1;1;4;none;Monthly;three;GL;;;
166;L1_0.1_July22;July;2022;21.07.2022;B1;L1;0.1;NA;summer;13:35:00;13:50:00;1;1;1;1;4;N;Monthly;blue;NA;;;
167;L1_0.45_July22;July;2022;21.07.2022;B1;L1;0.45;NA;summer;13:35:00;13:50:00;1;1;1;1;4;N;Monthly;blue;NA;;;
168;L2_0.1_July22;July;2022;21.07.2022;B1;L2;0.1;NA;summer;13:35:00;13:50:00;1;1;1;1;4;none;Monthly;four;NA;;;
169;L2_0.45_July22;July;2022;21.07.2022;B1;L2;0.45;NA;summer;13:35:00;13:50:00;1;1;1;1;4;none;Monthly;four;NA;;;
170;L3_0.1_July22;July;2022;21.07.2022;B1;L3;0.1;NA;summer;13:35:00;14:00:00;1;1;1;1;4;NP;Monthly;one;NA;;;
171;L3_0.45_July22;July;2022;21.07.2022;B1;L3;0.45;NA;summer;13:35:00;14:00:00;1;1;1;1;4;NP;Monthly;one;NA;;;
172;L4_0.1_July22;July;2022;21.07.2022;B1;L4;0.1;NA;summer;13:55:00;14:21:00;1;1;1;0,8;3,8;P;Monthly;three;NA;;;
173;L4_0.45_July22;July;2022;21.07.2022;B1;L4;0.45;NA;summer;13:55:00;14:21:00;1;1;1;0,8;3,8;P;Monthly;three;NA;;;
174;L5_0.1_July22;July;2022;21.07.2022;B2;L5;0.1;NA;summer;14:17:00;14:30:00;1;1;1;1;4;P;Monthly;blue;NA;;;
175;L5_0.45_July22;July;2022;21.07.2022;B2;L5;0.45;NA;summer;14:17:00;14:30:00;1;1;1;1;4;P;Monthly;blue;NA;;;
176;L6_0.1_July22;July;2022;21.07.2022;B2;L6;0.1;NA;summer;14:28:00;14:53:00;1;1;1;1;4;NP;Monthly;four;NA;;;
177;L6_0.45_July22;July;2022;21.07.2022;B2;L6;0.45;NA;summer;14:28:00;14:53:00;1;1;1;1;4;NP;Monthly;four;NA;;;
178;L7_0.1_July22;July;2022;21.07.2022;B2;L7;0.1;NA;summer;14:40:00;14:55:00;1;1;1;1;4;none;Monthly;one;NA;;;
179;L7_0.45_July22;July;2022;21.07.2022;B2;L7;0.45;NA;summer;14:40:00;14:55:00;1;1;1;1;4;none;Monthly;one;NA;;;
180;L8_0.1_July22;July;2022;21.07.2022;B2;L8;0.1;NA;summer;14:45:00;15:07:00;1;1;1;1;4;N;Monthly;three;NA;;;
181;L8_0.45_July22;July;2022;21.07.2022;B2;L8;0.45;NA;summer;14:45:00;15:07:00;1;1;1;1;4;N;Monthly;three;NA;;;
182;L9_0.1B_July22;July;2022;21.07.2022;B3;L9;0.1;blue;summer;15:23:00;15:50:00;1;1;1;1;4;NP;Monthly;triple;NA;;;
183;L9_0.45B_July22;July;2022;21.07.2022;B3;L9;0.45;blue;summer;15:23:00;15:50:00;1;1;1;1;4;NP;Monthly;triple;NA;;;
184;L9_0.1O_July22;July;2022;21.07.2022;B3;L9;0.1;orange ;summer;15:23:00;15:50:00;1;1;1;1;4;NP;Monthly;triple;NA;;;
185;L9_0.45O_July22;July;2022;21.07.2022;B3;L9;0.45;orange ;summer;15:23:00;15:50:00;1;1;1;1;4;NP;Monthly;triple;NA;;;
186;L9_0.1R_July22;July;2022;21.07.2022;B3;L9;0.1;red;summer;15:23:00;15:50:00;1;1;1;1;4;NP;Monthly;triple;NA;;;
187;L9_0.45R_July22;July;2022;21.07.2022;B3;L9;0.45;red;summer;15:23:00;15:50:00;1;1;1;1;4;NP;Monthly;triple;NA;;;
188;ctrl_0.1_Monthly_July22;July;2022;21.07.2022;NA;ctrl_field_neg;0.1;NA;summer;15:50:00;15:50:00;NA;NA;NA;NA;NA;ctrl_neg_field;Monthly;NA;JG;;;
189;ctrl_0.45_Monthly_July22;July;2022;21.07.2022;NA;ctrl_field_neg;0.45;NA;summer;15:50:00;15:50:00;NA;NA;NA;NA;NA;ctrl_neg_field;Monthly;NA;JG;;;
190;L10_0.1_July22;July;2022;21.07.2022;B3;L10;0.1;NA;summer;15:20:00;15:33:00;1;1;1;1;4;P;Monthly;four;NA;;;
191;L10_0.45_July22;July;2022;21.07.2022;B3;L10;0.45;NA;summer;15:20:00;15:33:00;1;1;1;1;4;P;Monthly;four;NA;;;
192;L11_0.1_July22;July;2022;21.07.2022;B3;L11;0.1;NA;summer;15:34:00;16:08:00;1;1;0,9;0,68;3,58;N;Monthly;one;NA;;;
193;L11_0.45_July22;July;2022;21.07.2022;B3;L11;0.45;NA;summer;15:34:00;16:08:00;1;1;0,9;0,68;3,58;N;Monthly;one;NA;;;
194;L12_0.1_July22;July;2022;21.07.2022;B3;L12;0.1;NA;summer;15:41:00;16:05:00;1;1;1;1;4;none;Monthly;three;NA;;;
195;L12_0.45_July22;July;2022;21.07.2022;B3;L12;0.45;NA;summer;15:41:00;16:05:00;1;1;1;1;4;none;Monthly;three;NA;;;
196;L1_0.1_Aug22;August;2022;18.08.2022;B1;L1;0.1;NA;summer;13:26:00;13:43:00;1;1;1;1;4;N;Monthly;three;NA;;;
197;L1_0.45_Aug22;August;2022;18.08.2022;B1;L1;0.45;NA;summer;13:26:00;13:43:00;1;1;1;1;4;N;Monthly;three;NA;;;
198;L2_0.1_Aug22;August;2022;18.08.2022;B1;L2;0.1;NA;summer;13:26:00;13:37:00;1;1;1;1;4;none;Monthly;two;NA;;;
199;L2_0.45_Aug22;August;2022;18.08.2022;B1;L2;0.45;NA;summer;13:26:00;13:37:00;1;1;1;1;4;none;Monthly;two;NA;;;
200;L3_0.1_Aug22;August;2022;18.08.2022;B1;L3;0.1;NA;summer;13:26:00;13:53:00;1;1;1;0,6;3,6;NP;Monthly;one;NA;;;
201;L3_0.45_Aug22;August;2022;18.08.2022;B1;L3;0.45;NA;summer;13:26:00;13:53:00;1;1;1;0,6;3,6;NP;Monthly;one;NA;;;
202;L4_0.1_Aug22;August;2022;18.08.2022;B1;L4;0.1;NA;summer;13:40:00;13:52:00;1;1;1;1;4;P;Monthly;four;NA;;;
203;L4_0.45_Aug22;August;2022;18.08.2022;B1;L4;0.45;NA;summer;13:40:00;13:52:00;1;1;1;1;4;P;Monthly;four;NA;;;
204;L5_0.1B_Aug22;August;2022;18.08.2022;B2;L5;0.1;blue;summer;14:12:00;14:45:00;1;1;0,8;0,71;3,51;P;Monthly;triple;NA;;;
205;L5_0.45B_Aug22;August;2022;18.08.2022;B2;L5;0.45;blue;summer;14:12:00;14:45:00;1;1;0,8;0,71;3,51;P;Monthly;triple;NA;;;
206;L5_0.1O_Aug22;August;2022;18.08.2022;B2;L5;0.1;orange ;summer;14:12:00;14:45:00;1;1;1;0,73;3,73;P;Monthly;triple;NA;;;
207;L5_0.45O_Aug22;August;2022;18.08.2022;B2;L5;0.45;orange ;summer;14:12:00;14:45:00;1;1;1;0,73;3,73;P;Monthly;triple;NA;;;
208;L5_0.1R_Aug22;August;2022;18.08.2022;B2;L5;0.1;red;summer;14:12:00;14:45:00;1;1;1;0,95;3,95;P;Monthly;triple;NA;;;
209;L5_0.45R_Aug22;August;2022;18.08.2022;B2;L5;0.45;red;summer;14:12:00;14:45:00;1;1;1;0,95;3,95;P;Monthly;triple;NA;;;
210;ctrl_0.1_Monthly_Aug22;August;2022;18.08.2022;NA;ctrl_field_neg;0.1;NA;summer;14:45:00;14:45:00;NA;NA;NA;NA;NA;ctrl_neg_field;Monthly;NA;JG;;;
211;ctrl_0.45_Monthly_Aug22;August;2022;18.08.2022;NA;ctrl_field_neg;0.45;NA;summer;14:45:00;14:45:00;NA;NA;NA;NA;NA;ctrl_neg_field;Monthly;NA;JG;;;
212;L6_0.1_Aug22;August;2022;18.08.2022;B2;L6;0.1;NA;summer;14:00:00;14:18:00;1;1;1;0,97;3,97;NP;Monthly;two;NA;;;
213;L6_0.45_Aug22;August;2022;18.08.2022;B2;L6;0.45;NA;summer;14:00:00;14:18:00;1;1;1;0,97;3,97;NP;Monthly;two;NA;;;
214;L7_0.1_Aug22;August;2022;18.08.2022;B2;L7;0.1;NA;summer;14:00:00;14:15:00;1;1;1;1;4;none;Monthly;one;NA;;;
215;L7_0.45_Aug22;August;2022;18.08.2022;B2;L7;0.45;NA;summer;14:00:00;14:15:00;1;1;1;1;4;none;Monthly;one;NA;;;
216;L8_0.1_Aug22;August;2022;18.08.2022;B2;L8;0.1;NA;summer;14:17:00;14:28:00;1;1;1;1;4;N;Monthly;four;NA;;;
217;L8_0.45_Aug22;August;2022;18.08.2022;B2;L8;0.45;NA;summer;14:17:00;14:28:00;1;1;1;1;4;N;Monthly;four;NA;;;
218;L9_0.1_Aug22;August;2022;18.08.2022;B3;L9;0.1;NA;summer;14:54:00;15:09:00;1;1;1;1;4;NP;Monthly;three;NA;;;
219;L9_0.45_Aug22;August;2022;18.08.2022;B3;L9;0.45;NA;summer;14:54:00;15:09:00;1;1;1;1;4;NP;Monthly;three;NA;;;
220;L10_0.1_Aug22;August;2022;18.08.2022;B3;L10;0.1;NA;summer;14:33:00;14:47:00;1;1;1;0,95;3,95;P;Monthly;two;NA;;;
221;L10_0.45_Aug22;August;2022;18.08.2022;B3;L10;0.45;NA;summer;14:33:00;14:47:00;1;1;1;0,95;3,95;P;Monthly;two;NA;;;
222;L11_0.1_Aug22;August;2022;18.08.2022;B3;L11;0.1;NA;summer;14:25:00;15:00:00;1;1;0,8;0,68;3,48;N;Monthly;one;NA;;;
223;L11_0.45_Aug22;August;2022;18.08.2022;B3;L11;0.45;NA;summer;14:25:00;15:00:00;1;1;0,8;0,68;3,48;N;Monthly;one;NA;;;
224;L12_0.1_Aug22;August;2022;18.08.2022;B3;L12;0.1;NA;summer;14:52:00;15:21:00;1;1;0,7;0,7;3,4;none;Monthly;four;NA;;;
225;L12_0.45_Aug22;August;2022;18.08.2022;B3;L12;0.45;NA;summer;14:52:00;15:21:00;1;1;0,7;0,7;3,4;none;Monthly;four;NA;;;
226;T1_0.1_blue_Sept22;September ;2022;20.09.2022;B2;L5;0.1;blue;summer;10:00:00;10:30:00;0,5;0,5;0,5;0,5;2;P;Daily;triple;JG_GL;Fail on the 20.09, we did it on the 21.09 and we used the 0.1 capsule from the day before. ;;
227;T1_0.1_orange_Sept22;September ;2022;20.09.2022;B2;L5;0.1;orange ;summer;10:00:00;10:30:00;0,5;0,5;0,5;0,5;2;P;Daily;triple;JG_GL;Fail on the 20.09, we did it on the 21.09 and we used the 0.1 capsule from the day before. ;;
228;T1_0.1_red_Sept22;September;2022;20.09.2022;B2;L5;0.1;red;summer;10:00:00;10:30:00;0,5;0,5;0,5;0,5;2;P;Daily;triple;JG_GL;Fail on the 20.09, we did it on the 21.09 and we used the 0.1 capsule from the day before. ;;
229;T1_0.45_blue_Sept22;September;2022;20.09.2022;B2;L5;0.45;blue;summer;10:00:00;10:30:00;0,5;0,5;0,5;0,5;2;P;Daily;triple;JG_GL;Fail on the 20.09, we did it on the 21.09 and we used the 0.1 capsule from the day before. ;;
230;T1_0.45_orange_Sept22;September;2022;20.09.2022;B2;L5;0.45;orange ;summer;10:00:00;10:30:00;0,5;0,5;0,5;0,5;2;P;Daily;triple;JG_GL;Fail on the 20.09, we did it on the 21.09 and we used the 0.1 capsule from the day before. ;;
231;T1_0.45_red_Sept22;September;2022;20.09.2022;B2;L5;0.45;red;summer;10:00:00;10:30:00;0,5;0,5;0,5;0,5;2;P;Daily;triple;JG_GL;Fail on the 20.09, we did it on the 21.09 and we used the 0.1 capsule from the day before. ;;
232;T2_0.1_blue_Sept22;September;2022;20.09.2022;B2;L5;0.1;blue;summer;14:00:00;14:30:00;0,5;0,5;0,5;0,5;2;P;Daily;triple;JG_GL;;;
233;T2_0.1_orange_Sept22;September;2022;20.09.2022;B2;L5;0.1;orange ;summer;14:00:00;14:30:00;0,5;0,5;0,5;0,5;2;P;Daily;triple;JG_GL;;;
234;T2_0.1_red_Sept22;September;2022;20.09.2022;B2;L5;0.1;red;summer;14:00:00;14:30:00;0,5;0,5;0,5;0,5;2;P;Daily;triple;JG_GL;;;
235;T2_0.45_blue_Sept22;September;2022;20.09.2022;B2;L5;0.45;blue;summer;14:00:00;14:30:00;0,5;0,5;0,5;0,5;2;P;Daily;triple;JG_GL;;;
236;T2_0.45_orange_Sept22;September;2022;20.09.2022;B2;L5;0.45;orange ;summer;14:00:00;14:30:00;0,5;0,5;0,5;0,5;2;P;Daily;triple;JG_GL;;;
237;T2_0.45_red_Sept22;September;2022;20.09.2022;B2;L5;0.45;red;summer;14:00:00;14:30:00;0,5;0,5;0,5;0,5;2;P;Daily;triple;JG_GL;;;
238;T3_0.1_blue_Sept22;September;2022;20.09.2022;B2;L5;0.1;blue;summer;18:00:00;18:30:00;0,5;0,5;0,5;0,5;2;P;Daily;triple;JG_GL;;;
239;T3_0.1_orange_Sept22;September;2022;20.09.2022;B2;L5;0.1;orange ;summer;18:00:00;18:30:00;0,5;0,5;0,5;0,5;2;P;Daily;triple;JG_GL;;;
240;T3_0.1_red_Sept22;September;2022;20.09.2022;B2;L5;0.1;red;summer;18:00:00;18:30:00;0,5;0,5;0,5;0,5;2;P;Daily;triple;JG_GL;;;
241;T3_0.45_blue_Sept22;September;2022;20.09.2022;B2;L5;0.45;blue;summer;18:00:00;18:30:00;0,5;0,5;0,5;0,5;2;P;Daily;triple;JG_GL;;;
242;T3_0.45_orange_Sept22;September;2022;20.09.2022;B2;L5;0.45;orange ;summer;18:00:00;18:30:00;0,5;0,5;0,5;0,5;2;P;Daily;triple;JG_GL;;;
243;T3_0.45_red_Sept22;September;2022;20.09.2022;B2;L5;0.45;red;summer;18:00:00;18:30:00;0,5;0,5;0,5;0,5;2;P;Daily;triple;JG_GL;;;
244;T4_0.1_blue_Sept22;September;2022;20.09.2022;B2;L5;0.1;blue;summer;22:00:00;22:30:00;0,5;0,5;0,5;0,5;2;P;Daily;triple;JG_GL;;;
245;T4_0.1_orange_Sept22;September;2022;20.09.2022;B2;L5;0.1;orange ;summer;22:00:00;22:30:00;0,5;0,5;0,5;0,5;2;P;Daily;triple;JG_GL;;;
246;T4_0.1_red_Sept22;September;2022;20.09.2022;B2;L5;0.1;red;summer;22:00:00;22:30:00;0,5;0,5;0,5;0,5;2;P;Daily;triple;JG_GL;;;
247;T4_0.45_blue_Sept22;September;2022;20.09.2022;B2;L5;0.45;blue;summer;22:00:00;22:30:00;0,5;0,5;0,5;0,5;2;P;Daily;triple;JG_GL;;;
248;T4_0.45_orange_Sept22;September;2022;20.09.2022;B2;L5;0.45;orange ;summer;22:00:00;22:30:00;0,5;0,5;0,5;0,5;2;P;Daily;triple;JG_GL;;;
249;T4_0.45_red_Sept22;September;2022;20.09.2022;B2;L5;0.45;red;summer;22:00:00;22:30:00;0,5;0,5;0,5;0,5;2;P;Daily;triple;JG_GL;;;
250;T5_0.1_blue_Sept22;September;2022;21.09.2022;B2;L5;0.1;blue;summer;02:00:00;02:30:00;0,5;0,5;0,5;0,5;2;P;Daily;triple;JG_GL;;;
251;T5_0.1_orange_Sept22;September;2022;21.09.2022;B2;L5;0.1;orange ;summer;02:00:00;02:30:00;0,5;0,5;0,5;0,5;2;P;Daily;triple;JG_GL;;;
252;T5_0.1_red_Sept22;September;2022;21.09.2022;B2;L5;0.1;red;summer;02:00:00;02:30:00;0,5;0,5;0,5;0,5;2;P;Daily;triple;JG_GL;;;
253;T5_0.45_blue_Sept22;September;2022;21.09.2022;B2;L5;0.45;blue;summer;02:00:00;02:30:00;0,5;0,5;0,5;0,5;2;P;Daily;triple;JG_GL;;;
254;T5_0.45_orange_Sept22;September;2022;21.09.2022;B2;L5;0.45;orange ;summer;02:00:00;02:30:00;0,5;0,5;0,5;0,5;2;P;Daily;triple;JG_GL;;;
255;T5_0.45_red_Sept22;September;2022;21.09.2022;B2;L5;0.45;red;summer;02:00:00;02:30:00;0,5;0,5;0,5;0,5;2;P;Daily;triple;JG_GL;;;
256;T6_0.1_blue_Sept22;September;2022;21.09.2022;B2;L5;0.1;blue;summer;06:00:00;06:30:00;0,5;0,5;0,5;0,5;2;P;Daily;triple;JG_GL;;;
257;T6_0.1_orange_Sept22;September;2022;21.09.2022;B2;L5;0.1;orange ;summer;06:00:00;06:30:00;0,5;0,5;0,5;0,5;2;P;Daily;triple;JG_GL;;;
258;T6_0.1_red_Sept22;September;2022;21.09.2022;B2;L5;0.1;red;summer;06:00:00;06:30:00;0,5;0,5;0,5;0,5;2;P;Daily;triple;JG_GL;;;
259;T6_0.45_blue_Sept22;September;2022;21.09.2022;B2;L5;0.45;blue;summer;06:00:00;06:30:00;0,5;0,5;0,5;0,5;2;P;Daily;triple;JG_GL;;;
260;T6_0.45_orange_Sept22;September;2022;21.09.2022;B2;L5;0.45;orange ;summer;06:00:00;06:30:00;0,5;0,5;0,5;0,5;2;P;Daily;triple;JG_GL;;;
261;T6_0.45_red_Sept22;September;2022;21.09.2022;B2;L5;0.45;red;summer;06:00:00;06:30:00;0,5;0,5;0,5;0,5;2;P;Daily;triple;JG_GL;;;
262;ctrl_0.1_Daily_Sept22;September;2022;21.09.2022;NA;NA;0.1;NA;summer;22:00:00;22:00:00;NA;NA;NA;NA;NA;ctrl_neg_field;Daily;NA;JG_GL;;;
263;ctrl_0.45_Daily_Sept22;September;2022;21.09.2022;NA;NA;0.45;NA;summer;22:00:00;22:00:00;NA;NA;NA;NA;NA;ctrl_neg_field;Daily;NA;JG_GL;;;
264;L1_0.1_Sept22;September;2022;22.09.2022;B1;L1;0.1;NA;summer;13:25:00;13:47:00;1;1;1;1;4;N;Monthly;four;NA;;;
265;L1_0.45_Sept22;September;2022;22.09.2022;B1;L1;0.45;NA;summer;13:25:00;13:47:00;1;1;1;1;4;N;Monthly;four;NA;;;
266;L2_0.1_Sept22;September;2022;22.09.2022;B1;L2;0.1;NA;summer;13:25:00;13:49:00;1;1;1;0,9;3,9;none;Monthly;two;NA;;;
267;L2_0.45_Sept22;September;2022;22.09.2022;B1;L2;0.45;NA;summer;13:25:00;13:49:00;1;1;1;0,9;3,9;none;Monthly;two;NA;;;
268;L3_0.1_Sept22;September;2022;22.09.2022;B1;L3;0.1;NA;summer;13:25:00;13:57:00;1;1;1;0,9;3,9;NP;Monthly;one;NA;;;
269;L3_0.45_Sept22;September;2022;22.09.2022;B1;L3;0.45;NA;summer;13:25:00;13:57:00;1;1;1;0,9;3,9;NP;Monthly;one;NA;;;
270;L4_0.1_Sept22;September;2022;22.09.2022;B1;L4;0.1;NA;summer;13:30:00;13:38:00;1;1;1;1;4;P;Monthly;three;NA;;;
271;L4_0.45_Sept22;September;2022;22.09.2022;B1;L4;0.45;NA;summer;13:30:00;13:38:00;1;1;1;1;4;P;Monthly;three;NA;;;
272;L5_0.1_Sept22;September;2022;22.09.2022;B2;L5;0.1;NA;summer;14:02:00;14:41:00;1;0,65;0,4;0,4;2,45;P;Monthly;four;BD;;;
273;L5_0.45_Sept22;September;2022;22.09.2022;B2;L5;0.45;NA;summer;14:02:00;14:41:00;1;0,65;0,4;0,4;2,45;P;Monthly;four;BD;eau verte ;;
274;L6_0.1_Sept22;September;2022;22.09.2022;B2;L6;0.1;NA;summer;14:08:00;14:16:00;1;1;1;1;4;NP;Monthly;two;NA;;;
275;L6_0.45_Sept22;September;2022;22.09.2022;B2;L6;0.45;NA;summer;14:08:00;14:16:00;1;1;1;1;4;NP;Monthly;two;NA;;;
276;L7_0.1_Sept22;September;2022;22.09.2022;B2;L7;0.1;NA;summer;14:10:00;14:30:00;1;1;1;1;4;none;Monthly;one;NA;;;
277;L7_0.45_Sept22;September;2022;22.09.2022;B2;L7;0.45;NA;summer;14:10:00;14:30:00;1;1;1;1;4;none;Monthly;one;NA;;;
278;L8_0.1_Sept22;September;2022;22.09.2022;B2;L8;0.1;NA;summer;13:47:00;14:02:00;1;1;1;1;4;N;Monthly;three;NA;;;
279;L8_0.45_Sept22;September;2022;22.09.2022;B2;L8;0.45;NA;summer;13:47:00;14:02:00;1;1;1;1;4;N;Monthly;three;NA;;;
280;L9_0.1_Sept22;September;2022;22.09.2022;B3;L9;0.1;NA;summer;14:59:00;15:29:00;1;1;1;0,65;3,65;NP;Monthly;four;NA;;;
281;L9_0.45_Sept22;September;2022;22.09.2022;B3;L9;0.45;NA;summer;14:59:00;15:29:00;1;1;1;0,65;3,65;NP;Monthly;four;NA;;;
282;L10_0.1_Sept22;September;2022;22.09.2022;B3;L10;0.1;NA;summer;14:45:00;15:00:00;1;1;1;1;4;P;Monthly;two;NA;;;
283;L10_0.45_Sept22;September;2022;22.09.2022;B3;L10;0.45;NA;summer;14:45:00;15:00:00;1;1;1;1;4;P;Monthly;two;NA;;;
284;L11_0.1B_Sept22;September;2022;22.09.2022;B3;L11;0.1;blue;summer;14:50:00;15:10:00;1;1;1;1;4;N;Monthly;triple;NA;;;
285;L11_0.45B_Sept22;September;2022;22.09.2022;B3;L11;0.45;blue;summer;14:50:00;15:10:00;1;1;1;1;4;N;Monthly;triple;NA;;;
286;L11_0.1O_Sept22;September;2022;22.09.2022;B3;L11;0.1;orange ;summer;14:50:00;15:10:00;1;1;1;1;4;N;Monthly;triple;NA;;;
287;L11_0.45O_Sept22;September;2022;22.09.2022;B3;L11;0.45;orange ;summer;14:50:00;15:10:00;1;1;1;1;4;N;Monthly;triple;NA;;;
288;L11_0.1R_Sept22;September;2022;22.09.2022;B3;L11;0.1;red;summer;14:50:00;15:10:00;1;1;1;1;4;N;Monthly;triple;NA;;;
289;L11_0.45R_Sept22;September;2022;22.09.2022;B3;L11;0.45;red;summer;14:50:00;15:10:00;1;1;1;1;4;N;Monthly;triple;NA;;;
290;ctrl_0.1_Monthly_Sept22;September;2022;22.09.2022;NA;ctrl_field_neg;0.1;NA;summer;15:10:00;15:10:00;NA;NA;NA;NA;NA;ctrl_neg_field;Monthly;NA;JG;;;
291;ctrl_0.45_Monthly_Sept22;September;2022;22.09.2022;NA;ctrl_field_neg;0.45;NA;summer;15:10:00;15:10:00;NA;NA;NA;NA;NA;ctrl_neg_field;Monthly;NA;JG;;;
292;L12_0.1_Monthly_Sept22;September;2022;22.09.2022;B3;L12;0.1;NA;summer;14:20:00;14:33:00;1;1;1;1;4;none;Monthly;three;NA;;;
293;L12_0.45_Monthly_Sept22;September;2022;22.09.2022;B3;L12;0.45;NA;summer;14:20:00;14:33:00;1;1;1;1;4;none;Monthly;three;NA;;;
294;L1_0.1_Oct22;October;2022;21.10.2022;B1;L1;0.1;NA;summer;13:30:00;13:50:00;1;1;1;1;4;N;Monthly;NA;NA;;;
295;L1_0.45_Oct22;October;2022;21.10.2022;B1;L1;0.45;NA;summer;13:30:00;13:50:00;1;1;1;1;4;N;Monthly;NA;NA;;;
296;L2_0.1B_Oct22;October;2022;21.10.2022;B1;L2;0.1;blue;summer;13:30:00;13:59:00;1;1;1;1;4;none;Monthly;NA;NA;;;
297;L2_0.45B_Oct22;October;2022;21.10.2022;B1;L2;0.45;blue;summer;13:30:00;13:59:00;1;1;1;1;4;none;Monthly;NA;NA;;;
298;L2_0.1O_Oct22;October;2022;21.10.2022;B1;L2;0.1;orange ;summer;13:30:00;13:59:00;1;1;1;0,85;3,85;none;Monthly;NA;NA;;;
299;L2_0.45O_Oct22;October;2022;21.10.2022;B1;L2;0.45;orange ;summer;13:30:00;13:59:00;1;1;1;0,85;3,85;none;Monthly;NA;NA;;;
300;L2_0.1R_Oct22;October;2022;21.10.2022;B1;L2;0.1;red;summer;13:30:00;13:59:00;1;1;1;1;4;none;Monthly;NA;NA;;;
301;L2_0.45R_Oct22;October;2022;21.10.2022;B1;L2;0.45;red;summer;13:30:00;13:59:00;1;1;1;1;4;none;Monthly;NA;NA;;;
302;ctrl_0.1_Monthly_Oct22;October;2022;21.10.2022;NA;ctrl_field_neg;0.1;NA;summer;13:59:00;13:59:00;1;1;1;1;4;ctrl_neg_field;Monthly;NA;NA;;;
303;ctrl_0.45_Monthly_Oct22;October;2022;21.10.2022;NA;ctrl_field_neg;0.45;NA;summer;13:59:00;13:59:00;1;1;1;1;4;ctrl_neg_field;Monthly;NA;NA;;;
304;L3_0.1_Oct22;October;2022;21.10.2022;B1;L3;0.1;NA;summer;13:30:00;13:45:00;1;1;1;1;4;NP;Monthly;NA;BD;;;
305;L3_0.45_Oct22;October;2022;21.10.2022;B1;L3;0.45;NA;summer;13:30:00;13:45:00;1;1;1;1;4;NP;Monthly;NA;BD;;;
306;L4_0.1_Oct22;October;2022;21.10.2022;B1;L4;0.1;NA;summer;13:54:00;14:05:00;1;1;1;1;4;P;Monthly;NA;NA;;;
307;L4_0.45_Oct22;October;2022;21.10.2022;B1;L4;0.45;NA;summer;13:54:00;14:05:00;1;1;1;1;4;P;Monthly;NA;NA;;;
308;L5_0.1_Oct22;October;2022;21.10.2022;B2;L5;0.1;NA;summer;14:20:00;14:55:00;1;1;0,8;0,6;3,4;P;Monthly;NA;NA;;;
309;L5_0.45_Oct22;October;2022;21.10.2022;B2;L5;0.45;NA;summer;14:20:00;14:55:00;1;1;0,8;0,6;3,4;P;Monthly;NA;NA;;;
310;L6_0.1_Oct22;October;2022;21.10.2022;B2;L6;0.1;NA;summer;14:10:00;14:45:00;1;1;1;1;4;NP;Monthly;NA;NA;;;
311;L6_0.45_Oct22;October;2022;21.10.2022;B2;L6;0.45;NA;summer;14:10:00;14:45:00;1;1;1;1;4;NP;Monthly;NA;NA;;;
312;L7_0.1_Oct22;October;2022;21.10.2022;B2;L7;0.1;NA;summer;14:05:00;14:20:00;1;1;1;1;4;none;Monthly;NA;BD;;;
313;L7_0.45_Oct22;October;2022;21.10.2022;B2;L7;0.45;NA;summer;14:05:00;14:20:00;1;1;1;1;4;none;Monthly;NA;BD;;;
314;L8_0.1_Oct22;October;2022;21.10.2022;B2;L8;0.1;NA;summer;14:15:00;14:30:00;1;1;1;1;4;N;Monthly;NA;NA;;;
315;L8_0.45_Oct22;October;2022;21.10.2022;B2;L8;0.45;NA;summer;14:15:00;14:30:00;1;1;1;1;4;N;Monthly;NA;NA;;;
316;L9_0.1_Oct22;October;2022;21.10.2022;B3;L9;0.1;NA;summer;15:03:00;15:12:00;1;1;1;1;4;NP;Monthly;NA;NA;;;
317;L9_0.45_Oct22;October;2022;21.10.2022;B3;L9;0.45;NA;summer;15:03:00;15:12:00;1;1;1;1;4;NP;Monthly;NA;NA;;;
318;L10_0.1_Oct22;October;2022;21.10.2022;B3;L10;0.1;NA;summer;14:55:00;15:15:00;1;1;1;1;4;P;Monthly;NA;NA;;;
319;L10_0.45_Oct22;October;2022;21.10.2022;B3;L10;0.45;NA;summer;14:55:00;15:15:00;1;1;1;1;4;P;Monthly;NA;NA;;;
320;L11_0.1_Oct22;October;2022;21.10.2022;B3;L11;0.1;NA;summer;14:36:00;15:12:00;1;0,89;0,47;0,47;2,83;N;Monthly;NA;NA;;;
321;L11_0.45_Oct22;October;2022;21.10.2022;B3;L11;0.45;NA;summer;14:36:00;15:12:00;1;0,89;0,47;0,47;2,83;N;Monthly;NA;NA;;;
322;L12_0.1_Oct22;October;2022;21.10.2022;B3;L12;0.1;NA;summer;14:40:00;14:54:00;1;1;1;1;4;none;Monthly;NA;NA;;;
323;L12_0.45_Oct22;October;2022;21.10.2022;B3;L12;0.45;NA;summer;14:40:00;14:54:00;1;1;1;1;4;none;Monthly;NA;NA;;;
324;L1_0.1_Nov22;November;2022;18.11.2022;B1;L1;0.1;NA;winter;12:27:00;12:43:00;1;1;1;1;4;N;Monthly;NA;Simon;;;
325;L1_0.45_Nov22;November;2022;18.11.2022;B1;L1;0.1;NA;winter;12:27:00;12:43:00;1;1;1;1;4;N;Monthly;NA;Simon;;;
326;L2_0.1_Nov22;November;2022;18.11.2022;B1;L2;0.1;NA;winter;12:29:00;12:45:00;1;1;1;1;4;none;Monthly;NA;Stephane;;;
327;L2_0.45_Nov22;November;2022;18.11.2022;B1;L2;0.45;NA;winter;12:29:00;12:45:00;1;1;1;1;4;none;Monthly;NA;Stephane;;;
328;L3_0.1_Nov22;November;2022;18.11.2022;B1;L3;0.1;NA;winter;12:30:00;12:45:00;1;1;1;1;4;NP;Monthly;NA;Beatriz;;;
329;L3_0.45_Nov22;November;2022;18.11.2022;B1;L3;0.45;NA;winter;12:30:00;12:45:00;1;1;1;1;4;NP;Monthly;NA;Beatriz;;;
330;L4_0.1_Nov22;November;2022;18.11.2022;B1;L4;0.1;NA;winter;12:30:00;12:56:00;1;1;1;1;4;P;Monthly;NA;Gerard;;;
331;L4_0.45_Nov22;November;2022;18.11.2022;B1;L4;0.45;NA;winter;12:30:00;12:56:00;1;1;1;1;4;P;Monthly;NA;Gerard;;;
332;L5_0.1_Nov22;November;2022;18.11.2022;B2;L5;0.1;NA;winter;13:13:00;13:44:00;1;1;0,7;0,45;3,15;P;Monthly;NA;NA;;;
333;L5_0.45_Nov22;November;2022;18.11.2022;B2;L5;0.45;NA;winter;13:13:00;13:44:00;1;1;0,7;0,45;3,15;P;Monthly;NA;NA;;;
334;L6_0.1_Nov22;November;2022;18.11.2022;B2;L6;0.1;NA;winter;13:01:00;13:10:00;1;1;1;1;4;NP;Monthly;NA;Stephane;;;
335;L6_0.45_Nov22;November;2022;18.11.2022;B2;L6;0.45;NA;winter;13:01:00;13:10:00;1;1;1;1;4;NP;Monthly;NA;Stephane;;;
336;L7_0.1_Nov22;November;2022;18.11.2022;B2;L7;0.1;NA;winter;13:01:00;13:25:00;1;1;1;1;4;none;Monthly;NA;Beatriz;;;
337;L7_0.45_Nov22;November;2022;18.11.2022;B2;L7;0.45;NA;winter;13:01:00;13:25:00;1;1;1;1;4;none;Monthly;NA;Beatriz;;;
338;L8_0.1B_Nov22;November;2022;18.11.2022;B2;L8;0.1B;blue;winter;13:06:00;13:35:00;1;1;1;1;4;N;Monthly;NA;Gerard;;;
339;L8_0.45B_Nov22;November;2022;18.11.2022;B2;L8;0.45B;blue;winter;13:06:00;13:35:00;1;1;1;1;4;N;Monthly;NA;Gerard;;;
340;L8_0.1O_Nov22;November;2022;18.11.2022;B2;L8;0.1O;orange ;winter;13:06:00;13:35:00;1;1;1;1;4;N;Monthly;NA;Gerard;;;
341;L8_0.45O_Nov22;November;2022;18.11.2022;B2;L8;0.45O;orange ;winter;13:06:00;13:35:00;1;1;1;1;4;N;Monthly;NA;Gerard;;;
342;L8_0.1R_Nov22;November;2022;18.11.2022;B2;L8;0.1R;red;winter;13:06:00;13:35:00;1;1;1;1;4;N;Monthly;NA;Gerard;;;
343;L8_0.45R_Nov22;November;2022;18.11.2022;B2;L8;0.45R;red;winter;13:06:00;13:35:00;1;1;1;1;4;N;Monthly;NA;Gerard;;;
344;ctrl_0.1_Monthly_Nov22;November;2022;18.11.2022;NA;ctrl_field_neg;0.1_Monthly;NA;winter;13:35:00;13:35:00;NA;NA;NA;NA;0;ctrl_neg_field;Monthly;NA;NA;;;
345;ctrl_0.45_Monthly_Nov22;November;2022;18.11.2022;NA;ctrl_field_neg;0.45_Monthly;NA;winter;13:35:00;13:35:00;NA;NA;NA;NA;0;ctrl_neg_field;Monthly;NA;NA;;;
346;L9_0.1_Nov22;November;2022;18.11.2022;B3;L9;0.1;NA;winter;14:00:00;14:12:00;1;1;1;1;4;NP;Monthly;NA;NA;;;
347;L9_0.45_Nov22;November;2022;18.11.2022;B3;L9;0.45;NA;winter;14:00:00;14:12:00;1;1;1;1;4;NP;Monthly;NA;NA;;;
348;L10_0.1_Nov22;November;2022;18.11.2022;B3;L10;0.45;NA;winter;13:20:00;13:40:00;1;1;1;1;4;P;Monthly;NA;NA;;;
349;L10_0.45_Nov22;November;2022;18.11.2022;B3;L10;0.45;NA;winter;13:20:00;13:40:00;1;1;1;1;4;P;Monthly;NA;NA;;;
350;L11_0.1_Nov22;November;2022;18.11.2022;B3;L11;0.1;NA;winter;13:43:00;14:13:00;1;1;0,75;0,55;3,3;N;Monthly;NA;NA;;;
351;L11_0.45_Nov22;November;2022;18.11.2022;B3;L11;0.45;NA;winter;13:43:00;14:13:00;1;1;0,75;0,55;3,3;N;Monthly;NA;NA;;;
352;L12_0.1_Nov22;November;2022;18.11.2022;B3;L12;0.1;NA;winter;13:42:00;14:19:00;1;0,8;0,34;0,24;2,38;none;Monthly;NA;NA;;;
353;L12_0.45_Nov22;November;2022;18.11.2022;B3;L12;0.45;NA;winter;13:42:00;14:19:00;1;0,8;0,34;0,24;2,38;none;Monthly;NA;NA;;;
354;L1_0.1_Dec22;December;2022;15.12.2022;B1;L1;0.1;NA;winter;12:40:00;13:03:00;1;1;1;0,7;3,7;N;Monthly;NA;NA;;;
355;L1_0.45_Dec22;December;2022;15.12.2022;B1;L1;0.45;NA;winter;12:40:00;13:03:00;1;1;1;0,7;3,7;N;Monthly;NA;NA;;;
356;L2_0.1_Dec22;December;2022;15.12.2022;B1;L2;0.1;NA;winter;12:40:00;12:55:00;1;1;1;1;4;none;Monthly;NA;NA;;;
357;L2_0.45_Dec22;December;2022;15.12.2022;B1;L2;0.45;NA;winter;12:40:00;12:55:00;1;1;1;1;4;none;Monthly;NA;NA;;;
358;L3_0.1_Dec22;December;2022;15.12.2022;B1;L3;0.1;NA;winter;12:40:00;12:50:00;1;1;1;1;4;NP;Monthly;NA;NA;;;
359;L3_0.45_Dec22;December;2022;15.12.2022;B1;L3;0.45;NA;winter;12:40:00;12:50:00;1;1;1;1;4;NP;Monthly;NA;NA;;;
360;L4_0.1_Dec22;December;2022;15.12.2022;B1;L4;0.1;NA;winter;12:40:00;13:00:00;1;1;1;1;4;P;Monthly;NA;NA;;;
361;L4_0.45_Dec22;December;2022;15.12.2022;B1;L4;0.45;NA;winter;12:40:00;13:00:00;1;1;1;1;4;P;Monthly;NA;NA;;;
362;L5_0.1_Dec22;December;2022;15.12.2022;B2;L5;0.1;NA;winter;13:12:00;13:45:00;1;0,9;0,4;0,45;2,75;P;Monthly;NA;NA;;;
363;L5_0.45_Dec22;December;2022;15.12.2022;B2;L5;0.45;NA;winter;13:12:00;13:45:00;1;0,9;0,4;0,45;2,75;P;Monthly;NA;NA;;;
364;L6_0.1_Dec22;December;2022;15.12.2022;B2;L6;0.1;NA;winter;12:59:00;12:59:00;1;1;1;1;4;NP;Monthly;NA;NA;;;
365;L6_0.45_Dec22;December;2022;15.12.2022;B2;L6;0.45;NA;winter;12:59:00;12:59:00;1;1;1;1;4;NP;Monthly;NA;NA;;;
366;L7_0.1_Dec22;December;2022;15.12.2022;B2;L7;0.1;NA;winter;13:00:00;13:10:00;1;1;1;1;4;none;Monthly;NA;NA;;;
367;L7_0.45_Dec22;December;2022;15.12.2022;B2;L7;0.45;NA;winter;13:00:00;13:10:00;1;1;1;1;4;none;Monthly;NA;NA;;;
368;L8_0.1_Dec22;December;2022;15.12.2022;B2;L8;0.1;NA;winter;13:06:00;13:22:00;1;1;1;1;4;N;Monthly;NA;NA;;;
369;L8_0.45_Dec22;December;2022;15.12.2022;B2;L8;0.45;NA;winter;13:06:00;13:22:00;1;1;1;1;4;N;Monthly;NA;NA;;;
370;L9_0.1_Dec22;December;2022;15.12.2022;B3;L9;0.1;NA;winter;13:50:00;14:10:00;1;1;1;1;4;NP;Monthly;NA;NA;;;
371;L9_0.45_Dec22;December;2022;15.12.2022;B3;L9;0.45;NA;winter;13:50:00;14:10:00;1;1;1;1;4;NP;Monthly;NA;NA;;;
372;L10_0.1_Dec22;December;2022;15.12.2022;B3;L10;0.1;NA;winter;13:28:00;13:48:00;1;1;1;1;4;P;Monthly;NA;NA;;;
373;L10_0.45_Dec22;December;2022;15.12.2022;B3;L10;0.45;NA;winter;13:28:00;13:48:00;1;1;1;1;4;P;Monthly;NA;NA;;;
374;L11_0.1_Dec22;December;2022;15.12.2022;B3;L11;0.1;NA;winter;13:25:00;13:56:00;1;1;1;1;4;N;Monthly;NA;NA;;;
375;L11_0.45_Dec22;December;2022;15.12.2022;B3;L11;0.45;NA;winter;13:25:00;13:56:00;1;1;1;1;4;N;Monthly;NA;NA;;;
376;L12_0.1B_Dec22;December;2022;15.12.2022;B3;L12;0.1;blue;winter;13:36:00;14:00:00;1;1;1;1;4;none;Monthly;NA;NA;;;
377;L12_0.45B_Dec22;December;2022;15.12.2022;B3;L12;0.45;blue;winter;13:36:00;14:00:00;1;1;1;1;4;none;Monthly;NA;NA;;;
378;L12_0.1O_Dec22;December;2022;15.12.2022;B3;L12;0.1;orange ;winter;13:36:00;14:00:00;1;1;1;1;4;none;Monthly;NA;NA;;;
379;L12_0.45O_Dec22;December;2022;15.12.2022;B3;L12;0.45;orange ;winter;13:36:00;14:00:00;1;1;1;1;4;none;Monthly;NA;NA;;;
380;L12_0.1R_Dec22;December;2022;15.12.2022;B3;L12;0.1;red;winter;13:36:00;14:00:00;1;1;1;1;4;none;Monthly;NA;NA;;;
381;L12_0.45R_Dec22;December;2022;15.12.2022;B3;L12;0.45;red;winter;13:36:00;14:00:00;1;1;1;1;4;none;Monthly;NA;NA;;;
382;ctrl_0.1_Monthly_Dec22;December;2022;15.12.2022;NA;ctrl_field_neg;0.1;NA;winter;14:00:00;14:00:00;NA;NA;NA;NA;0;ctrl_neg_field;Monthly;NA;NA;;;
383;ctrl_0.45_Monthly_Dec22;December;2022;15.12.2022;NA;ctrl_field_neg;0.45;NA;winter;14:00:00;14:00:00;NA;NA;NA;NA;0;ctrl_neg_field;Monthly;NA;NA;;;
384;T1_0.1_blue_Jan23;January;2023;26.01.2023;B2;L5;0.1;blue;winter;09:00:00;09:30:00;1;1;0,65;0,54;3,19;P;Daily;blue;JG_GL;;;
385;T1_0.1_orange_Jan23;January;2023;26.01.2023;B2;L5;0.1;orange ;winter;09:00:00;09:30:00;1;1;0,62;0,57;3,19;P;Daily;orange;JG_GL;;;
386;T1_0.1_red_Jan23;January;2023;26.01.2023;B2;L5;0.1;red;winter;09:00:00;09:30:00;1;1;0,5;0,32;2,82;P;Daily;red;JG_GL;;;
387;T1_0.45_blue_Jan23;January;2023;26.01.2023;B2;L5;0.45;blue;winter;09:00:00;09:30:00;1;1;0,65;0,54;3,19;P;Daily;blue;JG_GL;;;
388;T1_0.45_orange_Jan23;January;2023;26.01.2023;B2;L5;0.45;orange ;winter;09:00:00;09:30:00;1;1;0,62;0,57;3,19;P;Daily;orange;JG_GL;;;
389;T1_0.45_red_Jan23;January;2023;26.01.2023;B2;L5;0.45;red;winter;09:00:00;09:30:00;1;1;0,5;0,32;2,82;P;Daily;red;JG_GL;;;
390;T2_0.1_blue_Jan23;January;2023;26.01.2023;B2;L5;0.1;blue;winter;13:00:00;13:30:00;1;1;0,52;0,39;2,91;P;Daily;blue;JG_GL;;;
391;T2_0.1_orange_Jan23;January;2023;26.01.2023;B2;L5;0.1;orange ;winter;13:00:00;13:30:00;1;1;0,58;0,44;3,02;P;Daily;orange;JG_GL;;;
392;T2_0.1_red_Jan23;January;2023;26.01.2023;B2;L5;0.1;red;winter;13:00:00;13:30:00;1;1;0,67;0,46;3,13;P;Daily;red;JG_GL;;;
393;T2_0.45_blue_Jan23;January;2023;26.01.2023;B2;L5;0.45;blue;winter;13:00:00;13:30:00;1;1;0,52;0,39;2,91;P;Daily;blue;JG_GL;;;
394;T2_0.45_orange_Jan23;January;2023;26.01.2023;B2;L5;0.45;orange ;winter;13:00:00;13:30:00;1;1;0,58;0,44;3,02;P;Daily;orange;JG_GL;;;
395;T2_0.45_red_Jan23;January;2023;26.01.2023;B2;L5;0.45;red;winter;13:00:00;13:30:00;1;1;0,67;0,46;3,13;P;Daily;red;JG_GL;;;
396;T3_0.1_blue_Jan23;January;2023;26.01.2023;B2;L5;0.1;blue;winter;17:00:00;17:30:00;1;1;0,46;0,44;2,9;P;Daily;blue;JG_GL;;;
397;T3_0.1_orange_Jan23;January;2023;26.01.2023;B2;L5;0.1;orange ;winter;17:00:00;17:30:00;1;1;0,7;0,545;3,245;P;Daily;orange;JG_GL;;;
398;T3_0.1_red_Jan23;January;2023;26.01.2023;B2;L5;0.1;red;winter;17:00:00;17:30:00;1;1;0,61;0,46;3,07;P;Daily;red;JG_GL;;;
399;T3_0.45_blue_Jan23;January;2023;26.01.2023;B2;L5;0.45;blue;winter;17:00:00;17:30:00;1;1;0,46;0,44;2,9;P;Daily;blue;JG_GL;;;
400;T3_0.45_orange_Jan23;January;2023;26.01.2023;B2;L5;0.45;orange ;winter;17:00:00;17:30:00;1;1;0,7;0,545;3,245;P;Daily;orange;JG_GL;;;
401;T3_0.45_red_Jan23;January;2023;26.01.2023;B2;L5;0.45;red;winter;17:00:00;17:30:00;1;1;0,61;0,46;3,07;P;Daily;red;JG_GL;;;
402;T4_0.1_blue_Jan23;January;2023;26.01.2023;B2;L5;0.1;blue;winter;21:00:00;21:30:00;1;1;0,86;0,63;3,49;P;Daily;blue;JG_GL;;;
403;T4_0.1_orange_Jan23;January;2023;26.01.2023;B2;L5;0.1;orange ;winter;21:00:00;21:30:00;1;1;0,88;0,62;3,5;P;Daily;orange;JG_GL;;;
404;T4_0.1_red_Jan23;January;2023;26.01.2023;B2;L5;0.1;red;winter;21:00:00;21:30:00;1;1;0,55;0,43;2,98;P;Daily;red;JG_GL;;;
405;T4_0.45_blue_Jan23;January;2023;26.01.2023;B2;L5;0.45;blue;winter;21:00:00;21:30:00;1;1;0,86;0,63;3,49;P;Daily;blue;JG_GL;;;
406;T4_0.45_orange_Jan23;January;2023;26.01.2023;B2;L5;0.45;orange ;winter;21:00:00;21:30:00;1;1;0,88;0,62;3,5;P;Daily;orange;JG_GL;;;
407;T4_0.45_red_Jan23;January;2023;26.01.2023;B2;L5;0.45;red;winter;21:00:00;21:30:00;1;1;0,55;0,43;2,98;P;Daily;red;JG_GL;;;
408;T5_0.1_blue_Jan23;January;2023;27.01.2023;B2;L5;0.1;blue;winter;01:00:00;01:30:00;1;1;0,6;0,36;2,96;P;Daily;blue;JG_GL;;;
409;T5_0.1_orange_Jan23;January;2023;27.01.2023;B2;L5;0.1;orange ;winter;01:00:00;01:30:00;1;0,85;0,54;0,44;2,83;P;Daily;orange;JG_GL;;;
410;T5_0.1_red_Jan23;January;2023;27.01.2023;B2;L5;0.1;red;winter;01:00:00;01:30:00;1;1;0,64;0,48;3,12;P;Daily;red;JG_GL;;;
411;T5_0.45_blue_Jan23;January;2023;27.01.2023;B2;L5;0.45;blue;winter;01:00:00;01:30:00;1;1;0,6;0,36;2,96;P;Daily;blue;JG_GL;;;
412;T5_0.45_orange_Jan23;January;2023;27.01.2023;B2;L5;0.45;orange ;winter;01:00:00;01:30:00;1;0,85;0,54;0,44;2,83;P;Daily;orange;JG_GL;;;
413;T5_0.45_red_Jan23;January;2023;27.01.2023;B2;L5;0.45;red;winter;01:00:00;01:30:00;1;1;0,64;0,48;3,12;P;Daily;red;JG_GL;;;
414;T6_0.1_blue_Jan23;January;2023;27.01.2023;B2;L5;0.1;blue;winter;05:00:00;05:30:00;1;1;0,55;0,4;2,95;P;Daily;blue;JG_GL;;;
415;T6_0.1_orange_Jan23;January;2023;27.01.2023;B2;L5;0.1;orange ;winter;05:00:00;05:30:00;1;1;0,64;0,44;3,08;P;Daily;orange;JG_GL;;;
416;T6_0.1_red_Jan23;January;2023;27.01.2023;B2;L5;0.1;red;winter;05:00:00;05:30:00;1;1;0,65;0,45;3,1;P;Daily;red;JG_GL;;;
417;T6_0.45_blue_Jan23;January;2023;27.01.2023;B2;L5;0.45;blue;winter;05:00:00;05:30:00;1;1;0,55;0,4;2,95;P;Daily;blue;JG_GL;;;
418;T6_0.45_orange_Jan23;January;2023;27.01.2023;B2;L5;0.45;orange ;winter;05:00:00;05:30:00;1;1;0,64;0,44;3,08;P;Daily;orange;JG_GL;;;
419;T6_0.45_red_Jan23;January;2023;27.01.2023;B2;L5;0.45;red;winter;05:00:00;05:30:00;1;1;0,65;0,45;3,1;P;Daily;red;JG_GL;;;
420;ctrl_0.1_Daily_Jan23;January;2023;27.01.2023;B2;L5;0.1;NA;winter;05:00:00;05:30:00;NA;NA;NA;NA;0;NA;Daily;NA;JG_GL;;;
421;ctrl_0.45_Daily_Jan23;January;2023;27.01.2023;B2;L5;0.45;NA;winter;05:00:00;05:30:00;NA;NA;NA;NA;0;NA;Daily;NA;JG_GL;;;
422;L1_0.45_Janv23;January;2023;25.01.2023;B1;L1;0.45;NA;winter;12:45:00;13:04:00;1;1;1;1;4;N;Monthly;NA;NA;;;
423;L2_0.45B_Janv23;January;2023;25.01.2023;B1;L2;0.45;blue;winter;12:50:00;13:30:00;1;1;1;1;4;none;Monthly;NA;NA;;;
424;L2_0.45O_Janv23;January;2023;25.01.2023;B1;L2;0.45;orange ;winter;12:50:00;13:30:00;1;1;1;0,95;3,95;none;Monthly;NA;NA;;;
425;L2_0.45R_Janv23;January;2023;25.01.2023;B1;L2;0.45;red;winter;12:50:00;13:30:00;1;1;1;1;4;none;Monthly;NA;NA;;;
426;ctrl_0.45_Monthly_Janv23;January;2023;25.01.2023;NA;ctrl_field_neg;0.45;NA;winter;13:30:00;13:30:00;NA;NA;NA;NA;0;ctrl_neg_field;Monthly;NA;NA;;;
427;L3_0.45_Janv23;January;2023;25.01.2023;B1;L3;0.45;NA;winter;12:50:00;13:10:00;1;1;1;0,7;3,7;NP;Monthly;NA;NA;;;
428;L4_0.45_Janv23;January;2023;25.01.2023;B1;L4;0.45;NA;winter;12:55:00;13:06:00;1;1;1;1;4;P;Monthly;NA;NA;;;
429;L5_0.45_Janv23;January;2023;25.01.2023;B2;L5;0.45;NA;winter;13:13:00;13:45:00;1;1;0,6;0,55;3,15;P;Monthly;NA;NA;;;
430;L6_0.45_Janv23;January;2023;25.01.2023;B2;L6;0.45;NA;winter;13:48:00;13:58:00;1;1;1;1;4;NP;Monthly;NA;NA;;;
431;L7_0.45_Janv23;January;2023;25.01.2023;B2;L7;0.45;NA;winter;13:18:00;13:38:00;1;1;1;0,7;3,7;none;Monthly;NA;NA;;;
432;L8_0.45_Janv23;January;2023;25.01.2023;B2;L8;0.45;NA;winter;13:15:00;13:22:00;1;1;1;1;4;N;Monthly;NA;NA;;;
433;L9_0.45_Janv23;January;2023;25.01.2023;B3;L9;0.45;NA;winter;13:59:00;14:16:00;1;1;1;0,95;3,95;NP;Monthly;NA;NA;;;
434;L10_0.45_Janv23;January;2023;25.01.2023;B3;L10;0.45;NA;winter;14:05:00;14:20:00;1;1;1;1;4;P;Monthly;NA;NA;;;
435;L11_0.45_Janv23;January;2023;25.01.2023;B3;L11;0.45;NA;winter;13:47:00;14:14:00;1;1;0,68;0,42;3,1;N;Monthly;NA;NA;;;
436;L12_0.45_Janv23;January;2023;25.01.2023;B3;L12;0.45;NA;winter;13:30:00;14:08:00;1;1;1;0,4;3,4;none;Monthly;NA;NA;;;
437;L1_0.45_Feb23;February;2023;21.02.2023;B1;L1;0.45;NA;winter;13:27:00;12:52:00;1;1;1;0,65;3,65;N;Monthly;NA;NA;;;
438;L2_0.45_Feb23;February;2023;21.02.2023;B1;L2;0.45;NA;winter;12:30:00;12:41:00;1;1;1;1;4;none;Monthly;NA;NA;;;
439;L3_0.45_Feb23;February;2023;21.02.2023;B1;L3;0.45;NA;winter;12:29:00;12:49:00;1;1;1;0,9;3,9;NP;Monthly;NA;NA;;;
440;L4_0.45_Feb23;February;2023;21.02.2023;B1;L4;0.45;NA;winter;12:30:00;12:45:00;1;1;1;1;4;P;Monthly;NA;NA;;;
441;L5_0.45_Feb23;February;2023;21.02.2023;B2;L5;0.45;NA;winter;13:08:00;13:44:00;1;1;0,37;0,3;2,67;P;Monthly;NA;NA;;;
442;L6_0.45_Feb23;February;2023;21.02.2023;B2;L6;0.45;NA;winter;12:53:00;13:02:00;1;1;1;1;4;NP;Monthly;NA;NA;;;
443;L7_0.45B_Feb23;February;2023;21.02.2023;B2;L7;0.45;blue;winter;13:01:00;12:28:00;1;1;1;0,9;3,9;none;Monthly;NA;NA;;;
444;L7_0.45O_Feb23;February;2023;21.02.2023;B2;L7;0.45;orange ;winter;13:01:00;12:28:00;1;1;1;1;4;none;Monthly;NA;NA;;;
445;L7_0.45R_Feb23;February;2023;21.02.2023;B2;L7;0.45;red;winter;13:01:00;12:28:00;1;1;1;0,9;3,9;none;Monthly;NA;NA;;;
446;ctrl_0.45_Monthly_Feb23;February;2023;21.02.2023;NA;ctrl_field_neg;0.45;NA;winter;12:28:00;12:28:00;1;1;1;1;4;ctrl_neg_field;Monthly;NA;NA;;;
447;L8_0.45_Feb23;February;2023;21.02.2023;B2;L8;0.45;NA;winter;12:56:00;13:02:00;1;1;1;1;4;N;Monthly;NA;NA;;;
448;L9_0.45_Feb23;February;2023;21.02.2023;B3;L9;0.45;NA;winter;13:46:00;12:52:00;1;1;1;1;4;NP;Monthly;NA;NA;;;
449;L10_0.45_Feb23;February;2023;21.02.2023;B3;L10;0.45;NA;winter;13:14:00;13:21:00;1;1;1;1;4;P;Monthly;NA;NA;;;
450;L11_0.45_Feb23;February;2023;21.02.2023;B3;L11;0.45;NA;winter;13:41:00;14:07:00;1;1;1;0,7;3,7;N;Monthly;NA;NA;;;
451;L12_0.45_Feb23;February;2023;21.02.2023;B3;L12;0.45;NA;winter;13:15:00;13:36:00;1;1;1;1;4;none;Monthly;NA;NA;;;
452;L1_0.45_March23;March;2023;28.03.2023;B1;L1;0.45;NA;summer;13:30:00;13:50:00;1;1;1;1;4;N;Monthly;NA;NA;;;
453;L2_0.45_March23;March;2023;28.03.2023;B1;L2;0.45;NA;summer;13:30:00;13:59:00;1;1;1;1;4;none;Monthly;NA;NA;;;
454;L3_0.45_March23;March;2023;28.03.2023;B1;L3;0.45;NA;summer;13:30:00;13:45:00;1;1;1;0,75;3,75;NP;Monthly;NA;NA;;;
455;L4_0.45B_March23;March;2023;28.03.2023;B1;L4;0.45;blue;summer;13:54:00;14:05:00;1;1;1;1;4;P;Monthly;NA;NA;;;
456;L4_0.45O_March23;March;2023;28.03.2023;B1;L4;0.45;orange ;summer;13:54:00;14:05:00;1;1;1;1;4;P;Monthly;NA;NA;;;
457;L4_0.45R_March23;March;2023;28.03.2023;B1;L4;0.45;red;summer;13:54:00;14:05:00;1;1;1;1;4;P;Monthly;NA;NA;;;
458;ctrl_0.45_Monthly_March23;March;2023;28.03.2023;NA;ctrl_field_neg;0.45;NA;summer;13:54:00;14:05:00;1;1;1;1;4;ctrl_neg_field;Monthly;NA;NA;;;
459;L5_0.45_March23;March;2023;28.03.2023;B2;L5;0.45;NA;summer;14:20:00;14:55:00;1;1;1;1;4;P;Monthly;NA;NA;;;
460;L6_0.45_March23;March;2023;28.03.2023;B2;L6;0.45;NA;summer;14:10:00;14:45:00;1;1;1;1;4;NP;Monthly;NA;NA;;;
461;L7_0.45_March23;March;2023;28.03.2023;B2;L7;0.45;NA;summer;14:05:00;14:20:00;1;1;1;1;4;none;Monthly;NA;NA;;;
462;L8_0.45_March23;March;2023;28.03.2023;B2;L8;0.45;NA;summer;14:15:00;14:30:00;1;1;1;1;4;N;Monthly;NA;NA;;;
463;L9_0.45_March23;March;2023;28.03.2023;B3;L9;0.45;NA;summer;15:03:00;15:12:00;1;1;1;1;4;NP;Monthly;NA;NA;;;
464;L10_0.45_March23;March;2023;28.03.2023;B3;L10;0.45;NA;summer;14:55:00;15:15:00;1;1;1;1;4;P;Monthly;NA;NA;;;
465;L11_0.45_March23;March;2023;28.03.2023;B3;L11;0.45;NA;summer;14:36:00;15:12:00;1;1;1;1;4;N;Monthly;NA;NA;;;
466;L12_0.45_March23;March;2023;28.03.2023;B3;L12;0.45;NA;summer;14:40:00;14:54:00;1;1;1;1;4;none;Monthly;NA;NA;;;
467;L1_0.45_Apr23;April23;2023;03.05.2023;B1;L1;0.45;NA;summer;13:25:00;14:03:00;1;1;1;1;4;N;Monthly;NA;NA;;;
468;L2_0.45_Apr23;April23;2023;03.05.2023;B1;L2;0.45;NA;summer;13:27:00;14:03:00;1;0,86;0,58;0,43;2,87;none;Monthly;NA;NA;;;
469;L3_0.45B_Apr23;April23;2023;03.05.2023;B1;L3;0.45;blue;summer;13:25:00;13:53:00;1;1;1;1;4;NP;Monthly;NA;NA;;;
470;L3_0.45O_Apr23;April23;2023;03.05.2023;B1;L3;0.45;orange ;summer;13:25:00;13:53:00;1;1;1;1;4;NP;Monthly;NA;NA;;;
471;L3_0.45R_Apr23;April23;2023;03.05.2023;B1;L3;0.45;red;summer;13:25:00;13:53:00;1;1;1;0,9;3,9;NP;Monthly;NA;NA;;;
472;L4_0.45_Apr23;April23;2023;03.05.2023;B1;L4;0.45;NA;summer;14:18:00;14:25:00;1;1;1;1;4;P;Monthly;NA;NA;;;
473;ctrl_0.45_Monthly_Apr23;April23;2023;03.05.2023;NA;ctrl_field_neg;0.45;NA;summer;13:25:00;13:53:00;1;1;1;1;4;ctrl_neg_field;Monthly;NA;NA;;;
474;L5_0.45_Apr23;April23;2023;03.05.2023;B2;L5;0.45;NA;summer;14:17:00;14:41:00;1;1;1;0,3;3,3;P;Monthly;NA;NA;;;
475;L6_0.45_Apr23;April23;2023;03.05.2023;B2;L6;0.45;NA;summer;14:25:00;14:32:00;1;1;1;1;4;NP;Monthly;NA;NA;;;
476;L7_0.45_Apr23;April23;2023;03.05.2023;B2;L7;0.45;NA;summer;14:12:00;14:42:00;1;1;1;0,8;3,8;none;Monthly;NA;NA;;;
477;L8_0.45_Apr23;April23;2023;03.05.2023;B2;L8;0.45;NA;summer;14:37:00;14:46:00;1;1;1;1;4;N;Monthly;NA;NA;;;
478;L9_0.45_Apr23;April23;2023;03.05.2023;B3;L9;0.45;NA;summer;14:56:00;15:05:00;1;1;1;1;4;NP;Monthly;NA;NA;;;
479;L10_0.45_Apr23;April23;2023;03.05.2023;B3;L10;0.45;NA;summer;14:52:00;15:10:00;1;1;1;1;4;P;Monthly;NA;NA;;;
480;L11_0.45_Apr23;April23;2023;03.05.2023;B3;L11;0.45;NA;summer;14:58:00;15:32:00;1;1;0,6;0,4;3;N;Monthly;NA;NA;;;
481;L12_0.45_Apr23;April23;2023;03.05.2023;B3;L12;0.45;NA;summer;14:57:00;15:20:00;1;1;1;0,8;3,8;none;Monthly;NA;NA;;;
482;T1_0.45_blue_March23;March;2023;23.03.2023;B2;L5;0.45;blue;winter;09:00:00;09:30:00;1;1;0,56;0,395;2,955;P;Daily;NA;NA;;;
483;T1_0.45_orange_March23;March;2023;23.03.2023;B2;L5;0.45;orange ;winter;09:00:00;09:30:00;1;0,75;0,49;0,36;2,6;P;Daily;NA;NA;;;
484;T1_0.45_red_March23;March;2023;23.03.2023;B2;L5;0.45;red;winter;09:00:00;09:30:00;1;0,9;0,52;0,4;2,82;P;Daily;NA;NA;;;
485;T2_0.45_blue_March23;March;2023;23.03.2023;B2;L5;0.45;blue;winter;13:00:00;13:30:00;1;0,845;0,425;0,32;2,59;P;Daily;NA;NA;;;
486;T2_0.45_orange_March23;March;2023;23.03.2023;B2;L5;0.45;orange ;winter;13:00:00;13:30:00;1;1;0,63;0,46;3,09;P;Daily;NA;NA;;;
487;T2_0.45_red_March23;March;2023;23.03.2023;B3;L5;0.45;red;winter;13:00:00;13:30:00;1;0,98;0,54;0,44;2,96;P;Daily;NA;NA;;;
488;T3_0.45_blue_March23;March;2023;23.03.2023;B4;L5;0.45;blue;winter;17:00:00;17:30:00;1;0,85;0,43;0,3;2,58;P;Daily;NA;NA;;;
489;T3_0.45_orange_March23;March;2023;23.03.2023;B5;L5;0.45;orange ;winter;17:00:00;17:30:00;1;1;0,725;0,5;3,225;P;Daily;NA;NA;;;
490;T3_0.45_red_March23;March;2023;23.03.2023;B6;L5;0.45;red;winter;17:00:00;17:30:00;1;0,68;0,47;0,35;2,5;P;Daily;NA;NA;;;
491;T4_0.45_blue_March23;March;2023;23.03.2023;B7;L5;0.45;blue;winter;21:00:00;21:30:00;1;1;0,47;0,37;2,84;P;Daily;NA;NA;;;
492;T4_0.45_orange_March23;March;2023;23.03.2023;B8;L5;0.45;orange ;winter;21:00:00;21:30:00;1;0,68;0,47;0,35;2,5;P;Daily;NA;NA;;;
493;T4_0.45_red_March23;March;2023;23.03.2023;B9;L5;0.45;red;winter;21:00:00;21:30:00;1;0,94;0,35;0,37;2,66;P;Daily;NA;NA;;;
494;T5_0.45_blue_March23;March;2023;24.03.2023;B10;L5;0.45;blue;winter;01:00:00;01:30:00;1;1;0,57;0,45;3,02;P;Daily;NA;NA;;;
495;T5_0.45_orange_March23;March;2023;24.03.2023;B11;L5;0.45;orange ;winter;01:00:00;01:30:00;1;1;0,57;0,45;3,02;P;Daily;NA;NA;;;
496;T5_0.45_red_March23;March;2023;24.03.2023;B12;L5;0.45;red;winter;01:00:00;01:30:00;1;0,88;0,51;0,3;2,69;P;Daily;NA;NA;;;
497;T6_0.45_blue_March23;March;2023;24.03.2023;B13;L5;0.45;blue;winter;05:00:00;05:30:00;1;0,92;0,53;0,4;2,85;P;Daily;NA;NA;;;
498;T6_0.45_orange_March23;March;2023;24.03.2023;B14;L5;0.45;orange ;winter;05:00:00;05:30:00;1;0,66;0,57;0,54;2,77;P;Daily;NA;NA;;;
499;T6_0.45_red_March23;March;2023;24.03.2023;B15;L5;0.45;red;winter;05:00:00;05:30:00;1;0,73;0,76;0,4;2,89;P;Daily;NA;NA;;;
500;ctrl_0.45_daily_March23;March;2023;24.03.2023;B16;L5;0.45;blue;winter;05:00:00;05:30:00;NA;NA;NA;NA;0;ctrl_neg_field;Daily;NA;NA;;;
